-- -- phpMyAdmin SQL Dump
-- version 3.3.7deb5
-- http://www.phpmyadmin.net
--
-- Host: localhost
-- Generation Time: May 25, 2011 at 10:35 PM
-- Server version: 5.1.49
-- PHP Version: 5.3.3-7+squeeze1

SET SQL_MODE="NO_AUTO_VALUE_ON_ZERO";

INSERT INTO `dt_locations` (`id`, `aid`, `name_nl`, `name_en`, `etag`) VALUES
(1, 'Achterpad', 'Achterpad', 'UKAchterpad', ''),
(2, 'Algemeen', 'Algemeen', 'UKAlgemeen', ''),
(3, 'Balkon', 'Balkon', 'UKBalkon', ''),
(4, 'Bedrijfsruimte', 'Bedrijfsruimte', 'UKBedrijfsruimte', ''),
(5, 'Berging', 'Berging', 'UKBerging', ''),
(6, 'Casco', 'Casco', 'UKCasco', ''),
(7, 'Containerruimte', 'Containerruimte', 'UKContainerruimte', ''),
(8, 'CV inst.warm water voorziening', 'CV inst./warm water voorziening', 'UKCV inst./warm water voorziening', ''),
(9, 'CVWW installaties', 'CV/WW installaties', 'UKCV/WW installaties', ''),
(10, 'Dak', 'Dak', 'UKDak', ''),
(11, 'Dakkapel', 'Dakkapel', 'UKDakkapel', ''),
(12, 'Doucheruimtebadkamer', 'Doucheruimte/badkamer', 'UKDoucheruimte/badkamer', ''),
(13, 'Fietsenstalling', 'Fietsenstalling', 'UKFietsenstalling', ''),
(14, 'Galerij', 'Galerij', 'UKGalerij', ''),
(15, 'Gangkasttrapkast', 'Gangkast/trapkast', 'UKGangkast/trapkast', ''),
(16, 'Garage', 'Garage', 'UKGarage', ''),
(17, 'Gemeenschappelijke badkamer', 'Gemeenschappelijke badkamer', 'UKGemeenschappelijke badkamer', ''),
(18, 'Gemeenschappelijke Kamer', 'Gemeenschappelijke Kamer', 'UKGemeenschappelijke Kamer', ''),
(19, 'Gemeenschappelijke keuken', 'Gemeenschappelijke keuken', 'UKGemeenschappelijke keuken', ''),
(20, 'Gemeenschappelijke Toiletruimte', 'Gemeenschappelijke Toiletruimte', 'UKGemeenschappelijke Toiletruimte', ''),
(21, 'Gevel (achterzijde)', 'Gevel (achterzijde)', 'UKGevel (achterzijde)', ''),
(22, 'Gevel (voorzijde)', 'Gevel (voorzijde)', 'UKGevel (voorzijde)', ''),
(23, 'Gevel (zijkant)', 'Gevel (zijkant)', 'UKGevel (zijkant)', ''),
(24, 'Halgangoverlooptrap', 'Hal/gang/overloop/trap', 'UKHal/gang/overloop/trap', ''),
(25, 'Kamer', 'Kamer', 'UKKamer', ''),
(26, 'Kelder', 'Kelder', 'UKKelder', ''),
(27, 'Keuken', 'Keuken', 'UKKeuken', ''),
(28, 'Kruipruimte', 'Kruipruimte', 'UKKruipruimte', ''),
(29, 'Meterkast elektrakast', 'Meterkast/ elektrakast', 'UKMeterkast/ elektrakast', ''),
(30, 'Ontspanningsruimte', 'Ontspanningsruimte', 'UKOntspanningsruimte', ''),
(31, 'Parkeerplaats', 'Parkeerplaats', 'UKParkeerplaats', ''),
(32, 'Riolering koopwoning', 'Riolering koopwoning', 'UKRiolering koopwoning', ''),
(33, 'Riool', 'Riool', 'UKRiool', ''),
(34, 'Schuurberging', 'Schuur/berging', 'UKSchuur/berging', ''),
(35, 'Slaapkamer', 'Slaapkamer', 'UKSlaapkamer', ''),
(36, 'Standleiding', 'Standleiding', 'UKStandleiding', ''),
(37, 'Toiletruimte', 'Toiletruimte', 'UKToiletruimte', ''),
(38, 'TrappenhuisPortiek', 'Trappenhuis/Portiek', 'UKTrappenhuis/Portiek', ''),
(39, 'Tuin gemeenschappelijk', 'Tuin gemeenschappelijk', 'UKTuin gemeenschappelijk', ''),
(40, 'Tuin privé', 'Tuin privé', 'UKTuin privé', ''),
(41, 'Ventilatie Mechanisch', 'Ventilatie Mechanisch', 'UKVentilatie Mechanisch', ''),
(42, 'Voorpad', 'Voorpad', 'UKVoorpad', ''),
(43, 'Wasruimte', 'Wasruimte', 'UKWasruimte', ''),
(44, 'Wijkverwarming', 'Wijkverwarming', 'UKWijkverwarming', ''),
(45, 'Woonkamer', 'Woonkamer', 'UKWoonkamer', ''),
(46, 'Zoldervliering', 'Zolder/vliering', 'UKZolder/vliering', ''),
(47, 'aid-tag', 'Nederlandse naam', 'Engelse naam', '12345ab');


INSERT INTO `dt_defects` (`id`, `aid`, `name_nl`, `name_en`) VALUES
(1, 'Belemmerd uitzicht en lichtinval', 'Belemmerd uitzicht en lichtinval', ''),
(2, 'Is verzakt', 'Is verzakt', ''),
(3, 'Ontbreekt', 'Ontbreekt', ''),
(4, 'Zit los', 'Zit los', ''),
(5, 'Defect', 'Defect', ''),
(6, 'Asbest onderzoek', 'Asbest onderzoek', ''),
(7, 'Asbestsanering', 'Asbestsanering', ''),
(8, 'Buitensluiting', 'Buitensluiting', ''),
(9, 'aanpassenvervangen', 'aanpassen/vervangen', ''),
(10, 'Defect verhelpen', 'Defect verhelpen', ''),
(11, 'Scharnier(en) zit(ten) los', 'Scharnier(en) zit(ten) los', ''),
(12, 'Scharnier ontbreekt', 'Scharnier ontbreekt', ''),
(13, 'Gevaarlijke situatie', 'Gevaarlijke situatie', ''),
(14, 'Stinkt', 'Stinkt', ''),
(15, 'Inspectie', 'Inspectie', ''),
(16, 'Mutatieslot aanbrengen', 'Mutatieslot aanbrengen', ''),
(17, 'Mutatieslot verwijderen', 'Mutatieslot verwijderen', ''),
(18, 'Servicebeurt mutatie', 'Servicebeurt mutatie', ''),
(19, 'Schimmel in woning', 'Schimmel in woning', ''),
(20, 'Aanwezig', 'Aanwezig', ''),
(21, 'Bijstand ontruiming', 'Bijstand ontruiming', ''),
(22, 'Breuk', 'Breuk', ''),
(23, 'Lekt', 'Lekt', ''),
(24, 'Loopt over', 'Loopt over', ''),
(25, 'Verstopping', 'Verstopping', ''),
(26, 'Is gescheurdgebarsten', 'Is gescheurd/gebarsten', ''),
(27, 'Schilderwerk beschadigd', 'Schilderwerk beschadigd', ''),
(28, 'Glas vervangen (nieuw)', 'Glas vervangen (nieuw)', ''),
(29, 'Glasbreuk', 'Glasbreuk', ''),
(30, 'Is niet compleet', 'Is niet compleet', ''),
(31, 'Slechte staat', 'Slechte staat', ''),
(32, 'Drempel (dorpel) zit los', 'Drempel (dorpel) zit los', ''),
(33, 'Houtrot', 'Houtrot', ''),
(34, 'Is beschimmeld', 'Is beschimmeld', ''),
(35, 'Is gescheurd gebarsten', 'Is gescheurd/ gebarsten', ''),
(36, 'Is verstopt', 'Is verstopt', ''),
(37, 'Is vuil', 'Is vuil', ''),
(38, 'Klemt', 'Klemt', ''),
(39, 'plakplaat lekt', 'plakplaat lekt', ''),
(40, 'Slot defect', 'Slot defect', ''),
(41, 'Sluit niet', 'Sluit niet', ''),
(42, 'Verf bladdert af', 'Verf bladdert af', ''),
(43, 'Vernield', 'Vernield', ''),
(44, 'Werkt niet', 'Werkt niet', ''),
(45, 'De zekering springt er steeds uit', 'De zekering springt er steeds uit', ''),
(46, 'Er is geen spanning  stroom', 'Er is geen spanning / stroom', ''),
(47, 'Geeft geen geluid', 'Geeft geen geluid', ''),
(48, 'Graffiti', 'Graffiti', ''),
(49, 'Is niet egaal', 'Is niet egaal', ''),
(50, 'Ongedierte', 'Ongedierte', ''),
(51, 'Onregelmatig spanning verlies', 'Onregelmatig spanning verlies', ''),
(52, 'Schakelelaar  wcd ontbreekt', 'Schakelelaar / wcd ontbreekt', ''),
(53, 'Staat stil', 'Staat stil', ''),
(54, 'Tocht', 'Tocht', ''),
(55, 'Veroorzaakt kortsluiting', 'Veroorzaakt kortsluiting', ''),
(56, 'Zit vast', 'Zit vast', ''),
(57, 'Deurtje klemt', 'Deurtje klemt', ''),
(58, 'Stucwerk bladdert af', 'Stucwerk bladdert af', ''),
(59, 'Er is geen spanning', 'Er is geen spanning', ''),
(60, 'Schakelmateriaal defect', 'Schakelmateriaal defect', ''),
(61, 'Verkalkt', 'Verkalkt', ''),
(62, 'Wordt onvoldoende warm', 'Wordt onvoldoende warm', ''),
(63, 'Blijft aanslaan', 'Blijft aanslaan', ''),
(64, 'Geeft geen warm water', 'Geeft geen warm water', ''),
(65, 'Maakt herrie', 'Maakt herrie', ''),
(66, 'Mantel defect', 'Mantel defect', ''),
(67, 'Onderhoudsbeurt uitvoeren', 'Onderhoudsbeurt uitvoeren', ''),
(68, 'rookgas onderzoek', 'rookgas onderzoek', ''),
(69, 'Rookgasafvoer ligt eraf', 'Rookgasafvoer ligt eraf', ''),
(70, 'Verbruikt veel gas', 'Verbruikt veel gas', ''),
(71, 'Verliest druk (bijvullen via serv.abo)', 'Verliest druk (bijvullen via serv.abo)', ''),
(72, 'Waakvlam gaat steeds uit', 'Waakvlam gaat steeds uit', ''),
(73, 'Roest', 'Roest', ''),
(74, 'Vervuiling', 'Vervuiling', ''),
(75, 'Bevriezing', 'Bevriezing', ''),
(76, 'Maakt vreemd geluid', 'Maakt vreemd geluid', ''),
(77, 'Verliest druk', 'Verliest druk', ''),
(78, 'Is beschadigd', 'Is beschadigd', ''),
(79, 'Lekkage', 'Lekkage', ''),
(80, 'Glas, lek en blind geslagen', 'Glas, lek en blind geslagen', ''),
(81, 'Douche is verouderd', 'Douche is verouderd', ''),
(82, 'Kozijn beschadigd', 'Kozijn beschadigd', ''),
(83, 'Schakelmateriaal ontbreekt', 'Schakelmateriaal ontbreekt', ''),
(84, 'Zwerfstroom', 'Zwerfstroom', ''),
(85, 'Batterij leeg', 'Batterij leeg', ''),
(86, 'Warmte-verbruiksmeter overzettenplaatsen', 'Warmte-verbruiksmeter overzetten/plaatsen', ''),
(87, 'Verbrand', 'Verbrand', ''),
(88, 'Lade klemt', 'Lade klemt', ''),
(89, 'Loopt door', 'Loopt door', ''),
(90, 'Onvoldoende beveiligd', 'Onvoldoende beveiligd', ''),
(91, 'Huisnummernaamplaatje ontbreektklopt niet', 'Huisnummer/naamplaatje ontbreekt/klopt niet', ''),
(92, 'Schuifpui rollers defect', 'Schuifpui rollers defect', ''),
(93, 'ventilatierooster gaas stuk', 'ventilatierooster gaas stuk', ''),
(94, 'Schakelmateriaal defect (deuropener)', 'Schakelmateriaal defect (deuropener)', ''),
(95, 'Komt geen water uit', 'Komt geen water uit', ''),
(96, 'Wateroverlast', 'Wateroverlast', ''),
(97, 'Buitenkozijn beschadigd', 'Buitenkozijn beschadigd', ''),
(98, 'Kunststof buitenkozijn beschadigd', 'Kunststof buitenkozijn beschadigd', ''),
(99, 'betimmering beschadigd', 'betimmering beschadigd', '');

--
-- Dumping data for table `dt_elements`
--

INSERT INTO `dt_elements` (`id`, `aid`, `name_nl`, `name_en`) VALUES
(1, 'Bomenstruiken ', 'Bomen/struiken ', ''),
(2, 'Straatwerk ', 'Straatwerk ', ''),
(3, 'Verlichting', 'Verlichting', ''),
(4, 'Asbest', 'Asbest', ''),
(5, 'Buitensluiting', 'Buitensluiting', ''),
(6, 'Airco', 'Airco', ''),
(7, 'Elektra', 'Elektra', ''),
(8, 'Gasleiding', 'Gasleiding', ''),
(9, 'Inspectie', 'Inspectie', ''),
(10, 'Mutatie', 'Mutatie', ''),
(11, 'Onderzoek', 'Onderzoek', ''),
(12, 'Ongedierte', 'Ongedierte', ''),
(13, 'Ontruiming', 'Ontruiming', ''),
(14, 'Dakgootregenpijp', 'Dakgoot/regenpijp', ''),
(15, 'Doorvoer', 'Doorvoer', ''),
(16, 'Kitvoeg', 'Kitvoeg', ''),
(17, 'Metselwerkvoegwerkstucwerk', 'Metselwerk/voegwerk/stucwerk', ''),
(18, 'Plafond', 'Plafond', ''),
(19, 'Privacyscherm', 'Privacyscherm', ''),
(20, 'Trapleuninghekwerk', 'Trap/leuning/hekwerk', ''),
(21, 'Vloer algemeen', 'Vloer algemeen', ''),
(22, 'Vloer hout', 'Vloer hout', ''),
(23, 'Vloer steen', 'Vloer steen', ''),
(24, 'Vestiging 1', 'Vestiging 1', ''),
(25, 'Vestiging 2', 'Vestiging 2', ''),
(26, 'Vestiging 3', 'Vestiging 3', ''),
(27, 'Vestiging 4', 'Vestiging 4', ''),
(28, 'Vestiging 5', 'Vestiging 5', ''),
(29, 'Vestiging 6', 'Vestiging 6', ''),
(30, 'Afvoerriolering ', 'Afvoer/riolering ', ''),
(31, 'Kozijn (hout)', 'Kozijn (hout)', ''),
(32, 'Kozijn (aluminium)', 'Kozijn (aluminium)', ''),
(33, 'Kozijn (kunststof)', 'Kozijn (kunststof)', ''),
(34, 'Boeiboord ', 'Boeiboord ', ''),
(35, 'Deur (hout)', 'Deur (hout)', ''),
(36, 'Dakbedekking ', 'Dakbedekking ', ''),
(37, 'Metselwerk ', 'Metselwerk ', ''),
(38, 'Afvoerput ', 'Afvoerput ', ''),
(39, 'Hemelwaterafvoer (hwa) ', 'Hemelwaterafvoer (hwa) ', ''),
(40, 'Deur (aluminium)', 'Deur (aluminium)', ''),
(41, 'Deur (kunststof)', 'Deur (kunststof)', ''),
(42, 'Verlichting duwo ', 'Verlichting duwo ', ''),
(43, 'Dakgoot ', 'Dakgoot ', ''),
(44, 'Belhuistelefoonintercominstallatie ', 'Bel/huistelefoon/intercominstallatie ', ''),
(45, 'Dakraam ', 'Dakraam ', ''),
(46, 'Kozijn (kunststof) entree pui ', 'Kozijn (kunststof) entree pui ', ''),
(47, 'Kozijn (aliminium) entree pui ', 'Kozijn (aliminium) entree pui ', ''),
(48, 'Kozijn (hout) entree pui ', 'Kozijn (hout) entree pui ', ''),
(49, 'Raam ', 'Raam ', ''),
(50, 'Raamdeurkozijn ', 'Raam/deur/kozijn ', ''),
(51, 'Gevelbekleding ', 'Gevelbekleding ', ''),
(52, 'Dakpannen ', 'Dakpannen ', ''),
(53, 'Gevelstucwerk ', 'Gevelstucwerk ', ''),
(54, 'Schoorsteen ', 'Schoorsteen ', ''),
(55, 'Voegwerk ', 'Voegwerk ', ''),
(56, 'Stortkoker ', 'Stortkoker ', ''),
(57, 'Dakluik ', 'Dakluik ', ''),
(58, 'Kranen ', 'Kranen ', ''),
(59, 'Pomp drukverhoging ', 'Pomp drukverhoging ', ''),
(60, 'Water ', 'Water ', ''),
(61, 'Huisnummerbordjenaamplaatje ', 'Huisnummerbordje/naamplaatje ', ''),
(62, 'Postkasten ', 'Postkasten ', ''),
(63, 'Mechanische ventilatie ', 'Mechanische ventilatie ', ''),
(64, 'Ventilatieventilatieroosters ', 'Ventilatie/ventilatieroosters ', ''),
(65, 'Toegangsdeur ', 'Toegangsdeur ', ''),
(66, 'Boiler', 'Boiler', ''),
(67, 'Capaciteitsberekenig', 'Capaciteitsberekenig', ''),
(68, 'Cv ketel', 'Cv ketel', ''),
(69, 'Expansievat', 'Expansievat', ''),
(70, 'Geiser', 'Geiser', ''),
(71, 'Overstortventiel', 'Overstortventiel', ''),
(72, 'Pomp', 'Pomp', ''),
(73, 'Verdeelstation cv installatie', 'Verdeelstation cv installatie', ''),
(74, 'Waterleiding', 'Waterleiding', ''),
(75, 'Wtw installatie', 'Wtw installatie', ''),
(76, 'Zonnepaneel (boiler)', 'Zonnepaneel (boiler)', ''),
(77, 'Groepenkast ', 'Groepenkast ', ''),
(78, 'Vloerwandenplafond ', 'Vloer/wanden/plafond ', ''),
(79, 'Dakkapel', 'Dakkapel', ''),
(80, 'Dakraam (aluminium)', 'Dakraam (aluminium)', ''),
(81, 'Dakraam (hout)', 'Dakraam (hout)', ''),
(82, 'Dakraam (kunststof)', 'Dakraam (kunststof)', ''),
(83, 'Lichtkoepel', 'Lichtkoepel', ''),
(84, 'Regenpijp', 'Regenpijp', ''),
(85, 'Accessoires', 'Accessoires', ''),
(86, 'Algemeen', 'Algemeen', ''),
(87, 'Binnendeur (hout)', 'Binnendeur (hout)', ''),
(88, 'Binnenkozijn (aluminium)', 'Binnenkozijn (aluminium)', ''),
(89, 'Binnenkozijn (kunststof)', 'Binnenkozijn (kunststof)', ''),
(90, 'Douche garnituur', 'Douche garnituur', ''),
(91, 'Douchecabine', 'Douchecabine', ''),
(92, 'Douchekop', 'Douchekop', ''),
(93, 'Glijstang', 'Glijstang', ''),
(94, 'Hoofdkraan', 'Hoofdkraan', ''),
(95, 'Kraan', 'Kraan', ''),
(96, 'Ligbadlavet', 'Ligbad/lavet', ''),
(97, 'Mechanische ventilatieventilatieroosters', 'Mechanische ventilatie/ventilatieroosters', ''),
(98, 'Plafond systeem', 'Plafond systeem', ''),
(99, 'Putdeksel', 'Putdeksel', ''),
(100, 'Radiatorcv leiding', 'Radiator/cv leiding', ''),
(101, 'Spiegel', 'Spiegel', ''),
(102, 'Toilet', 'Toilet', ''),
(103, 'Vloer graniet', 'Vloer graniet', ''),
(104, 'Vloer tegelwerk', 'Vloer tegelwerk', ''),
(105, 'Vloer voeg kitwerk', 'Vloer voeg/ kitwerk', ''),
(106, 'Vloerluik', 'Vloerluik', ''),
(107, 'Wanden', 'Wanden', ''),
(108, 'Wanden tegelwerk', 'Wanden tegelwerk', ''),
(109, 'Wanden voeg kitwerk', 'Wanden voeg/ kitwerk', ''),
(110, 'Wastafel', 'Wastafel', ''),
(111, 'Douchezitje', 'Douchezitje', ''),
(112, 'Steunbeugel', 'Steunbeugel', ''),
(113, 'Kozijn (kunststof) galerijpui ', 'Kozijn (kunststof) galerijpui ', ''),
(114, 'Kozijn (aliminium) galerijpui ', 'Kozijn (aliminium) galerijpui ', ''),
(115, 'Kozijn (hout) galerijpui ', 'Kozijn (hout) galerijpui ', ''),
(116, 'Deur naar galerij ', 'Deur naar galerij ', ''),
(117, 'Galerijhek ', 'Galerijhek ', ''),
(118, 'Centrale ruimte ', 'Centrale ruimte ', ''),
(119, 'Deurdranger ', 'Deurdranger ', ''),
(120, 'Binnendeur (aluminium)', 'Binnendeur (aluminium)', ''),
(121, 'Binnendeur (kunststof)', 'Binnendeur (kunststof)', ''),
(122, 'Aardelektrode', 'Aardelektrode', ''),
(123, 'Vloer', 'Vloer', ''),
(124, 'Binnenkozijn (hout)', 'Binnenkozijn (hout)', ''),
(125, 'Kamerthermostaat', 'Kamerthermostaat', ''),
(126, 'Moederhaardgaskachel', 'Moederhaard/gaskachel', ''),
(127, 'Trapleuning algemeen', 'Trap/leuning algemeen', ''),
(128, 'Trapleuning hout', 'Trap/leuning hout', ''),
(129, 'Trapleuning ijzer', 'Trap/leuning ijzer', ''),
(130, 'Keukenblok', 'Keukenblok', ''),
(131, 'Fonteintje', 'Fonteintje', ''),
(132, 'Reservoir', 'Reservoir', ''),
(133, 'Brievenbuspostkast', 'Brievenbus/postkast', ''),
(134, 'Brievenbusklep kunststof', 'Brievenbusklep kunststof', ''),
(135, 'Buitendeur (aluminium)', 'Buitendeur (aluminium)', ''),
(136, 'Buitendeur (hout)', 'Buitendeur (hout)', ''),
(137, 'Buitendeur (kunststof)', 'Buitendeur (kunststof)', ''),
(138, 'Dilitatievoeg', 'Dilitatievoeg', ''),
(139, 'Luifel', 'Luifel', ''),
(140, 'Raam (aluminium)', 'Raam (aluminium)', ''),
(141, 'Raam (hout)', 'Raam (hout)', ''),
(142, 'Raam (kunststof)', 'Raam (kunststof)', ''),
(143, 'Schuifpui', 'Schuifpui', ''),
(144, 'Vensterbank', 'Vensterbank', ''),
(145, 'Zonwering', 'Zonwering', ''),
(146, 'Brandslanghaspel', 'Brandslanghaspel', ''),
(147, 'Luikframerand (ijzer) ', 'Luikframe/rand (ijzer) ', ''),
(148, 'Rookmelder', 'Rookmelder', ''),
(149, 'Traplift', 'Traplift', ''),
(150, 'Luik', 'Luik', ''),
(151, 'Bestrating', 'Bestrating', ''),
(152, 'Beugel', 'Beugel', ''),
(153, 'Riolering koopwoning', 'Riolering koopwoning', ''),
(154, 'Buitenkozijn (aluminium)', 'Buitenkozijn (aluminium)', ''),
(155, 'Buitenkozijn (hout)', 'Buitenkozijn (hout)', ''),
(156, 'Buitenkozijn (kunststof)', 'Buitenkozijn (kunststof)', ''),
(157, 'Buitenraam (aluminium)', 'Buitenraam (aluminium)', ''),
(158, 'Buitenraam (hout)', 'Buitenraam (hout)', ''),
(159, 'Buitenraam (kunststof)', 'Buitenraam (kunststof)', ''),
(160, 'Dakbedekking golfplaat', 'Dakbedekking/ golfplaat', ''),
(161, 'Voor-achterdeur (aluminium)', 'Voor-/achterdeur (aluminium)', ''),
(162, 'Voor-achterdeur (hout)', 'Voor-/achterdeur (hout)', ''),
(163, 'Voor-achterdeur (kunststof)', 'Voor-/achterdeur (kunststof)', ''),
(164, 'Standleiding', 'Standleiding', ''),
(165, 'Trapleuning ', 'Trap/leuning ', ''),
(166, 'Erfafscheidingschutting', 'Erfafscheiding/schutting', ''),
(167, 'Meterput', 'Meterput', ''),
(168, 'Poortdeurhek', 'Poortdeur/hek', ''),
(169, 'Tuin niveau', 'Tuin niveau', ''),
(170, 'Wasmachine  wasdroger ', 'Wasmachine / wasdroger ', ''),
(171, 'Trapleuning vlizotrap', 'Trap/leuning vlizotrap', '');

--
-- Dumping data for table `dt_join`
--

INSERT INTO `dt_join` (`id`, `location_id`, `element_id`, `defect_id`, `flags`, `etag`, `deleted`) VALUES
(1, 1, 1, 1, '', '', 0),
(2, 1, 2, 2, '', '', 0),
(3, 1, 3, 5, '', '', 0),
(4, 1, 3, 3, '', '', 0),
(5, 1, 3, 4, '', '', 0),
(6, 2, 6, 5, '', '', 0),
(7, 2, 4, 6, '', '', 0),
(8, 2, 4, 7, '', '', 0),
(9, 2, 5, 8, '', '', 0),
(10, 2, 7, 9, '', '', 0),
(11, 2, 7, 10, '', '', 0),
(12, 2, 7, 13, '', '', 0),
(13, 2, 7, 12, '', '', 0),
(14, 2, 7, 11, '', '', 0),
(15, 2, 8, 14, '', '', 0),
(16, 2, 9, 15, '', '', 0),
(17, 2, 10, 16, '', '', 0),
(18, 2, 10, 17, '', '', 0),
(19, 2, 10, 18, '', '', 0),
(20, 2, 11, 19, '', '', 0),
(21, 2, 12, 20, '', '', 0),
(22, 2, 13, 21, '', '', 0),
(23, 3, 14, 22, '', '', 0),
(24, 3, 14, 23, '', '', 0),
(25, 3, 14, 24, '', '', 0),
(26, 3, 14, 25, '', '', 0),
(27, 3, 14, 4, '', '', 0),
(28, 3, 15, 4, '', '', 0),
(29, 3, 16, 23, '', '', 0),
(30, 3, 16, 3, '', '', 0),
(31, 3, 16, 4, '', '', 0),
(32, 3, 17, 26, '', '', 0),
(33, 3, 17, 4, '', '', 0),
(34, 3, 18, 27, '', '', 0),
(35, 3, 19, 28, '', '', 0),
(36, 3, 19, 29, '', '', 0),
(37, 3, 19, 26, '', '', 0),
(38, 3, 19, 4, '', '', 0),
(39, 3, 20, 28, '', '', 0),
(40, 3, 20, 29, '', '', 0),
(41, 3, 20, 30, '', '', 0),
(42, 3, 20, 3, '', '', 0),
(43, 3, 20, 27, '', '', 0),
(44, 3, 20, 31, '', '', 0),
(45, 3, 20, 4, '', '', 0),
(46, 3, 21, 26, '', '', 0),
(47, 3, 21, 4, '', '', 0),
(48, 3, 22, 26, '', '', 0),
(49, 3, 22, 31, '', '', 0),
(50, 3, 22, 4, '', '', 0),
(51, 3, 23, 26, '', '', 0),
(52, 3, 23, 4, '', '', 0),
(53, 4, 24, 10, '', '', 0),
(54, 4, 25, 10, '', '', 0),
(55, 4, 26, 10, '', '', 0),
(56, 4, 27, 10, '', '', 0),
(57, 4, 28, 10, '', '', 0),
(58, 4, 29, 10, '', '', 0),
(59, 5, 30, 22, '', '', 0),
(60, 5, 30, 36, '', '', 0),
(61, 5, 30, 2, '', '', 0),
(62, 5, 38, 36, '', '', 0),
(63, 5, 34, 33, '', '', 0),
(64, 5, 34, 42, '', '', 0),
(65, 5, 36, 35, '', '', 0),
(66, 5, 36, 23, '', '', 0),
(67, 5, 36, 39, '', '', 0),
(68, 5, 14, 2, '', '', 0),
(69, 5, 14, 23, '', '', 0),
(70, 5, 14, 24, '', '', 0),
(71, 5, 40, 38, '', '', 0),
(72, 5, 40, 40, '', '', 0),
(73, 5, 40, 41, '', '', 0),
(74, 5, 40, 42, '', '', 0),
(75, 5, 35, 33, '', '', 0),
(76, 5, 35, 38, '', '', 0),
(77, 5, 35, 40, '', '', 0),
(78, 5, 35, 41, '', '', 0),
(79, 5, 35, 42, '', '', 0),
(80, 5, 41, 38, '', '', 0),
(81, 5, 41, 40, '', '', 0),
(82, 5, 41, 41, '', '', 0),
(83, 5, 41, 42, '', '', 0),
(84, 5, 39, 36, '', '', 0),
(85, 5, 39, 43, '', '', 0),
(86, 5, 39, 4, '', '', 0),
(87, 5, 32, 32, '', '', 0),
(88, 5, 31, 32, '', '', 0),
(89, 5, 33, 32, '', '', 0),
(90, 5, 37, 35, '', '', 0),
(91, 5, 37, 2, '', '', 0),
(92, 5, 37, 37, '', '', 0),
(93, 5, 17, 34, '', '', 0),
(94, 5, 17, 35, '', '', 0),
(95, 5, 3, 44, '', '', 0),
(96, 5, 42, 44, '', '', 0),
(97, 6, 30, 22, '', '', 0),
(98, 6, 30, 36, '', '', 0),
(99, 6, 30, 23, '', '', 0),
(100, 6, 44, 47, '', '', 0),
(101, 6, 34, 33, '', '', 0),
(102, 6, 34, 42, '', '', 0),
(103, 6, 36, 35, '', '', 0),
(104, 6, 36, 23, '', '', 0),
(105, 6, 36, 39, '', '', 0),
(106, 6, 36, 4, '', '', 0),
(107, 6, 43, 22, '', '', 0),
(108, 6, 43, 36, '', '', 0),
(109, 6, 43, 23, '', '', 0),
(110, 6, 43, 24, '', '', 0),
(111, 6, 14, 22, '', '', 0),
(112, 6, 14, 36, '', '', 0),
(113, 6, 14, 3, '', '', 0),
(114, 6, 14, 43, '', '', 0),
(115, 6, 14, 4, '', '', 0),
(116, 6, 57, 23, '', '', 0),
(117, 6, 57, 41, '', '', 0),
(118, 6, 52, 35, '', '', 0),
(119, 6, 52, 30, '', '', 0),
(120, 6, 52, 23, '', '', 0),
(121, 6, 52, 3, '', '', 0),
(122, 6, 45, 47, '', '', 0),
(123, 6, 45, 29, '', '', 0),
(124, 6, 45, 33, '', '', 0),
(125, 6, 45, 38, '', '', 0),
(126, 6, 45, 41, '', '', 0),
(127, 6, 45, 54, '', '', 0),
(128, 6, 40, 29, '', '', 0),
(129, 6, 40, 2, '', '', 0),
(130, 6, 40, 38, '', '', 0),
(131, 6, 40, 40, '', '', 0),
(132, 6, 40, 41, '', '', 0),
(133, 6, 40, 42, '', '', 0),
(134, 6, 35, 29, '', '', 0),
(135, 6, 35, 33, '', '', 0),
(136, 6, 35, 2, '', '', 0),
(137, 6, 35, 38, '', '', 0),
(138, 6, 35, 40, '', '', 0),
(139, 6, 35, 41, '', '', 0),
(140, 6, 35, 42, '', '', 0),
(141, 6, 41, 29, '', '', 0),
(142, 6, 41, 2, '', '', 0),
(143, 6, 41, 38, '', '', 0),
(144, 6, 41, 40, '', '', 0),
(145, 6, 41, 41, '', '', 0),
(146, 6, 41, 42, '', '', 0),
(147, 6, 7, 45, '', '', 0),
(148, 6, 7, 46, '', '', 0),
(149, 6, 7, 51, '', '', 0),
(150, 6, 7, 52, '', '', 0),
(151, 6, 7, 55, '', '', 0),
(152, 6, 51, 48, '', '', 0),
(153, 6, 51, 33, '', '', 0),
(154, 6, 51, 37, '', '', 0),
(155, 6, 51, 42, '', '', 0),
(156, 6, 53, 35, '', '', 0),
(157, 6, 53, 37, '', '', 0),
(158, 6, 61, 3, '', '', 0),
(159, 6, 47, 29, '', '', 0),
(160, 6, 47, 42, '', '', 0),
(161, 6, 32, 32, '', '', 0),
(162, 6, 32, 42, '', '', 0),
(163, 6, 31, 32, '', '', 0),
(164, 6, 31, 33, '', '', 0),
(165, 6, 31, 42, '', '', 0),
(166, 6, 48, 29, '', '', 0),
(167, 6, 48, 33, '', '', 0),
(168, 6, 48, 42, '', '', 0),
(169, 6, 33, 32, '', '', 0),
(170, 6, 33, 42, '', '', 0),
(171, 6, 46, 29, '', '', 0),
(172, 6, 46, 42, '', '', 0),
(173, 6, 58, 23, '', '', 0),
(174, 6, 63, 53, '', '', 0),
(175, 6, 17, 48, '', '', 0),
(176, 6, 17, 35, '', '', 0),
(177, 6, 17, 2, '', '', 0),
(178, 6, 17, 3, '', '', 0),
(179, 6, 17, 4, '', '', 0),
(180, 6, 12, 50, '', '', 0),
(181, 6, 59, 23, '', '', 0),
(182, 6, 59, 44, '', '', 0),
(183, 6, 62, 40, '', '', 0),
(184, 6, 49, 29, '', '', 0),
(185, 6, 49, 33, '', '', 0),
(186, 6, 49, 2, '', '', 0),
(187, 6, 49, 38, '', '', 0),
(188, 6, 49, 23, '', '', 0),
(189, 6, 50, 29, '', '', 0),
(190, 6, 50, 33, '', '', 0),
(191, 6, 50, 23, '', '', 0),
(192, 6, 54, 35, '', '', 0),
(193, 6, 54, 36, '', '', 0),
(194, 6, 54, 23, '', '', 0),
(195, 6, 54, 4, '', '', 0),
(196, 6, 56, 36, '', '', 0),
(197, 6, 56, 24, '', '', 0),
(198, 6, 2, 49, '', '', 0),
(199, 6, 2, 2, '', '', 0),
(200, 6, 64, 56, '', '', 0),
(201, 6, 3, 44, '', '', 0),
(202, 6, 55, 35, '', '', 0),
(203, 6, 55, 4, '', '', 0),
(204, 6, 60, 24, '', '', 0),
(205, 7, 30, 22, '', '', 0),
(206, 7, 30, 36, '', '', 0),
(207, 7, 30, 2, '', '', 0),
(208, 7, 38, 36, '', '', 0),
(209, 7, 38, 14, '', '', 0),
(210, 7, 34, 33, '', '', 0),
(211, 7, 34, 42, '', '', 0),
(212, 7, 36, 35, '', '', 0),
(213, 7, 36, 23, '', '', 0),
(214, 7, 36, 39, '', '', 0),
(215, 7, 36, 4, '', '', 0),
(216, 7, 43, 36, '', '', 0),
(217, 7, 43, 2, '', '', 0),
(218, 7, 43, 24, '', '', 0),
(219, 7, 14, 36, '', '', 0),
(220, 7, 14, 4, '', '', 0),
(221, 7, 7, 45, '', '', 0),
(222, 7, 7, 57, '', '', 0),
(223, 7, 7, 46, '', '', 0),
(224, 7, 7, 13, '', '', 0),
(225, 7, 7, 51, '', '', 0),
(226, 7, 7, 55, '', '', 0),
(227, 7, 39, 36, '', '', 0),
(228, 7, 39, 3, '', '', 0),
(229, 7, 17, 35, '', '', 0),
(230, 7, 17, 2, '', '', 0),
(231, 7, 17, 4, '', '', 0),
(232, 7, 18, 35, '', '', 0),
(233, 7, 18, 49, '', '', 0),
(234, 7, 18, 58, '', '', 0),
(235, 7, 18, 4, '', '', 0),
(236, 7, 65, 33, '', '', 0),
(237, 7, 65, 38, '', '', 0),
(238, 7, 65, 41, '', '', 0),
(239, 7, 65, 42, '', '', 0),
(240, 7, 3, 44, '', '', 0),
(241, 8, 30, 9, '', '', 0),
(242, 8, 30, 23, '', '', 0),
(243, 8, 30, 14, '', '', 0),
(244, 8, 30, 25, '', '', 0),
(245, 8, 66, 10, '', '', 0),
(246, 8, 66, 59, '', '', 0),
(247, 8, 66, 23, '', '', 0),
(248, 8, 66, 60, '', '', 0),
(249, 8, 66, 61, '', '', 0),
(250, 8, 66, 44, '', '', 0),
(251, 8, 67, 62, '', '', 0),
(252, 8, 68, 63, '', '', 0),
(253, 8, 68, 64, '', '', 0),
(254, 8, 68, 23, '', '', 0),
(255, 8, 68, 65, '', '', 0),
(256, 8, 68, 66, '', '', 0),
(257, 8, 68, 67, '', '', 0),
(258, 8, 68, 68, '', '', 0),
(259, 8, 68, 69, '', '', 0),
(260, 8, 68, 60, '', '', 0),
(261, 8, 68, 14, '', '', 0),
(262, 8, 68, 70, '', '', 0),
(263, 8, 68, 71, '', '', 0),
(264, 8, 68, 55, '', '', 0),
(265, 8, 68, 72, '', '', 0),
(266, 8, 68, 44, '', '', 0),
(267, 8, 68, 62, '', '', 0),
(268, 8, 69, 23, '', '', 0),
(269, 8, 8, 23, '', '', 0),
(270, 8, 8, 73, '', '', 0),
(271, 8, 8, 4, '', '', 0),
(272, 8, 70, 63, '', '', 0),
(273, 8, 70, 10, '', '', 0),
(274, 8, 70, 64, '', '', 0),
(275, 8, 70, 23, '', '', 0),
(276, 8, 70, 67, '', '', 0),
(277, 8, 70, 60, '', '', 0),
(278, 8, 70, 14, '', '', 0),
(279, 8, 70, 44, '', '', 0),
(280, 8, 70, 62, '', '', 0),
(281, 8, 71, 23, '', '', 0),
(282, 8, 72, 60, '', '', 0),
(283, 8, 72, 56, '', '', 0),
(284, 8, 73, 23, '', '', 0),
(285, 8, 73, 60, '', '', 0),
(286, 8, 73, 44, '', '', 0),
(287, 8, 74, 23, '', '', 0),
(288, 8, 74, 4, '', '', 0),
(289, 8, 75, 59, '', '', 0),
(290, 8, 75, 60, '', '', 0),
(291, 8, 75, 53, '', '', 0),
(292, 8, 75, 14, '', '', 0),
(293, 8, 75, 74, '', '', 0),
(294, 8, 76, 75, '', '', 0),
(295, 8, 76, 59, '', '', 0),
(296, 8, 76, 23, '', '', 0),
(297, 9, 68, 63, '', '', 0),
(298, 9, 68, 64, '', '', 0),
(299, 9, 68, 76, '', '', 0),
(300, 9, 68, 66, '', '', 0),
(301, 9, 68, 77, '', '', 0),
(302, 9, 68, 55, '', '', 0),
(303, 9, 68, 44, '', '', 0),
(304, 9, 68, 62, '', '', 0),
(305, 9, 7, 45, '', '', 0),
(306, 9, 7, 46, '', '', 0),
(307, 9, 69, 37, '', '', 0),
(308, 9, 69, 23, '', '', 0),
(309, 9, 8, 73, '', '', 0),
(310, 9, 8, 14, '', '', 0),
(311, 9, 8, 4, '', '', 0),
(312, 9, 77, 46, '', '', 0),
(313, 9, 77, 51, '', '', 0),
(314, 9, 77, 55, '', '', 0),
(315, 9, 65, 29, '', '', 0),
(316, 9, 65, 40, '', '', 0),
(317, 9, 65, 41, '', '', 0),
(318, 9, 64, 38, '', '', 0),
(319, 9, 64, 41, '', '', 0),
(320, 9, 64, 44, '', '', 0),
(321, 9, 64, 4, '', '', 0),
(322, 9, 3, 3, '', '', 0),
(323, 9, 3, 44, '', '', 0),
(324, 9, 78, 35, '', '', 0),
(325, 9, 78, 58, '', '', 0),
(326, 9, 60, 23, '', '', 0),
(327, 10, 30, 22, '', '', 0),
(328, 10, 30, 23, '', '', 0),
(329, 10, 30, 14, '', '', 0),
(330, 10, 30, 25, '', '', 0),
(331, 10, 34, 27, '', '', 0),
(332, 10, 34, 31, '', '', 0),
(333, 10, 34, 74, '', '', 0),
(334, 10, 34, 4, '', '', 0),
(335, 10, 36, 26, '', '', 0),
(336, 10, 36, 23, '', '', 0),
(337, 10, 36, 4, '', '', 0),
(338, 10, 43, 22, '', '', 0),
(339, 10, 43, 23, '', '', 0),
(340, 10, 43, 24, '', '', 0),
(341, 10, 43, 25, '', '', 0),
(342, 10, 43, 4, '', '', 0),
(343, 10, 79, 34, '', '', 0),
(344, 10, 79, 23, '', '', 0),
(345, 10, 79, 73, '', '', 0),
(346, 10, 79, 27, '', '', 0),
(347, 10, 79, 31, '', '', 0),
(348, 10, 79, 54, '', '', 0),
(349, 10, 57, 78, '', '', 0),
(350, 10, 57, 38, '', '', 0),
(351, 10, 57, 79, '', '', 0),
(352, 10, 57, 31, '', '', 0),
(353, 10, 57, 40, '', '', 0),
(354, 10, 57, 41, '', '', 0),
(355, 10, 57, 54, '', '', 0),
(356, 10, 52, 26, '', '', 0),
(357, 10, 52, 23, '', '', 0),
(358, 10, 52, 3, '', '', 0),
(359, 10, 52, 4, '', '', 0),
(360, 10, 80, 28, '', '', 0),
(361, 10, 80, 80, '', '', 0),
(362, 10, 80, 29, '', '', 0),
(363, 10, 80, 38, '', '', 0),
(364, 10, 80, 79, '', '', 0),
(365, 10, 80, 73, '', '', 0),
(366, 10, 80, 27, '', '', 0),
(367, 10, 80, 31, '', '', 0),
(368, 10, 80, 41, '', '', 0),
(369, 10, 80, 54, '', '', 0),
(370, 10, 81, 28, '', '', 0),
(371, 10, 81, 80, '', '', 0),
(372, 10, 81, 29, '', '', 0),
(373, 10, 81, 38, '', '', 0),
(374, 10, 81, 79, '', '', 0),
(375, 10, 81, 73, '', '', 0),
(376, 10, 81, 27, '', '', 0),
(377, 10, 81, 31, '', '', 0),
(378, 10, 81, 41, '', '', 0),
(379, 10, 81, 54, '', '', 0),
(380, 10, 82, 28, '', '', 0),
(381, 10, 82, 80, '', '', 0),
(382, 10, 82, 29, '', '', 0),
(383, 10, 82, 38, '', '', 0),
(384, 10, 82, 79, '', '', 0),
(385, 10, 82, 73, '', '', 0),
(386, 10, 82, 27, '', '', 0),
(387, 10, 82, 31, '', '', 0),
(388, 10, 82, 41, '', '', 0),
(389, 10, 82, 54, '', '', 0),
(390, 10, 51, 27, '', '', 0),
(391, 10, 51, 31, '', '', 0),
(392, 10, 51, 74, '', '', 0),
(393, 10, 51, 4, '', '', 0),
(394, 10, 83, 26, '', '', 0),
(395, 10, 83, 38, '', '', 0),
(396, 10, 83, 23, '', '', 0),
(397, 10, 83, 73, '', '', 0),
(398, 10, 83, 41, '', '', 0),
(399, 10, 83, 54, '', '', 0),
(400, 10, 84, 22, '', '', 0),
(401, 10, 84, 25, '', '', 0),
(402, 10, 84, 4, '', '', 0),
(403, 10, 54, 26, '', '', 0),
(404, 10, 54, 23, '', '', 0),
(405, 10, 54, 25, '', '', 0),
(406, 10, 54, 4, '', '', 0),
(407, 11, 36, 23, '', '', 0),
(408, 11, 36, 4, '', '', 0),
(409, 12, 85, 3, '', '', 0),
(410, 12, 85, 73, '', '', 0),
(411, 12, 85, 44, '', '', 0),
(412, 12, 85, 4, '', '', 0),
(413, 12, 30, 9, '', '', 0),
(414, 12, 30, 22, '', '', 0),
(415, 12, 30, 23, '', '', 0),
(416, 12, 30, 14, '', '', 0),
(417, 12, 30, 25, '', '', 0),
(418, 12, 86, 81, '', '', 0),
(419, 12, 87, 10, '', '', 0),
(420, 12, 87, 28, '', '', 0),
(421, 12, 87, 29, '', '', 0),
(422, 12, 87, 12, '', '', 0),
(423, 12, 87, 11, '', '', 0),
(424, 12, 87, 40, '', '', 0),
(425, 12, 87, 41, '', '', 0),
(426, 12, 88, 28, '', '', 0),
(427, 12, 88, 29, '', '', 0),
(428, 12, 88, 82, '', '', 0),
(429, 12, 88, 31, '', '', 0),
(430, 12, 89, 28, '', '', 0),
(431, 12, 89, 29, '', '', 0),
(432, 12, 89, 82, '', '', 0),
(433, 12, 89, 31, '', '', 0),
(434, 12, 90, 78, '', '', 0),
(435, 12, 91, 23, '', '', 0),
(436, 12, 91, 73, '', '', 0),
(437, 12, 91, 41, '', '', 0),
(438, 12, 91, 61, '', '', 0),
(439, 12, 91, 4, '', '', 0),
(440, 12, 92, 26, '', '', 0),
(441, 12, 92, 23, '', '', 0),
(442, 12, 92, 73, '', '', 0),
(443, 12, 92, 61, '', '', 0),
(444, 12, 111, 73, '', '', 0),
(445, 12, 111, 4, '', '', 0),
(446, 12, 7, 59, '', '', 0),
(447, 12, 7, 30, '', '', 0),
(448, 12, 7, 60, '', '', 0),
(449, 12, 7, 83, '', '', 0),
(450, 12, 7, 4, '', '', 0),
(451, 12, 7, 84, '', '', 0),
(452, 12, 8, 23, '', '', 0),
(453, 12, 8, 4, '', '', 0),
(454, 12, 93, 26, '', '', 0),
(455, 12, 93, 73, '', '', 0),
(456, 12, 93, 61, '', '', 0),
(457, 12, 93, 4, '', '', 0),
(458, 12, 94, 23, '', '', 0),
(459, 12, 94, 73, '', '', 0),
(460, 12, 94, 44, '', '', 0),
(461, 12, 95, 9, '', '', 0),
(462, 12, 95, 30, '', '', 0),
(463, 12, 95, 23, '', '', 0),
(464, 12, 95, 73, '', '', 0),
(465, 12, 95, 61, '', '', 0),
(466, 12, 95, 44, '', '', 0),
(467, 12, 95, 4, '', '', 0),
(468, 12, 96, 26, '', '', 0),
(469, 12, 96, 73, '', '', 0),
(470, 12, 96, 61, '', '', 0),
(471, 12, 96, 4, '', '', 0),
(472, 12, 97, 3, '', '', 0),
(473, 12, 97, 60, '', '', 0),
(474, 12, 97, 54, '', '', 0),
(475, 12, 97, 44, '', '', 0),
(476, 12, 97, 4, '', '', 0),
(477, 12, 18, 85, '', '', 0),
(478, 12, 18, 34, '', '', 0),
(479, 12, 18, 26, '', '', 0),
(480, 12, 18, 79, '', '', 0),
(481, 12, 18, 27, '', '', 0),
(482, 12, 18, 4, '', '', 0),
(483, 12, 98, 26, '', '', 0),
(484, 12, 98, 4, '', '', 0),
(485, 12, 99, 26, '', '', 0),
(486, 12, 99, 3, '', '', 0),
(487, 12, 100, 23, '', '', 0),
(488, 12, 100, 73, '', '', 0),
(489, 12, 100, 60, '', '', 0),
(490, 12, 100, 86, '', '', 0),
(491, 12, 100, 44, '', '', 0),
(492, 12, 100, 4, '', '', 0),
(493, 12, 101, 9, '', '', 0),
(494, 12, 101, 3, '', '', 0),
(495, 12, 101, 73, '', '', 0),
(496, 12, 101, 4, '', '', 0),
(497, 12, 112, 73, '', '', 0),
(498, 12, 112, 4, '', '', 0),
(499, 12, 102, 26, '', '', 0),
(500, 12, 102, 23, '', '', 0),
(501, 12, 102, 73, '', '', 0),
(502, 12, 102, 61, '', '', 0),
(503, 12, 102, 4, '', '', 0),
(504, 12, 21, 26, '', '', 0),
(505, 12, 21, 4, '', '', 0),
(506, 12, 103, 26, '', '', 0),
(507, 12, 103, 4, '', '', 0),
(508, 12, 22, 26, '', '', 0),
(509, 12, 22, 31, '', '', 0),
(510, 12, 22, 4, '', '', 0),
(511, 12, 104, 26, '', '', 0),
(512, 12, 104, 4, '', '', 0),
(513, 12, 105, 3, '', '', 0),
(514, 12, 105, 4, '', '', 0),
(515, 12, 106, 26, '', '', 0),
(516, 12, 106, 38, '', '', 0),
(517, 12, 106, 31, '', '', 0),
(518, 12, 107, 26, '', '', 0),
(519, 12, 107, 27, '', '', 0),
(520, 12, 107, 4, '', '', 0),
(521, 12, 108, 26, '', '', 0),
(522, 12, 108, 4, '', '', 0),
(523, 12, 109, 3, '', '', 0),
(524, 12, 109, 4, '', '', 0),
(525, 12, 110, 26, '', '', 0),
(526, 12, 110, 23, '', '', 0),
(527, 12, 110, 73, '', '', 0),
(528, 12, 110, 61, '', '', 0),
(529, 12, 110, 25, '', '', 0),
(530, 12, 110, 4, '', '', 0),
(531, 12, 74, 23, '', '', 0),
(532, 12, 74, 4, '', '', 0),
(533, 13, 34, 33, '', '', 0),
(534, 13, 34, 42, '', '', 0),
(535, 13, 36, 35, '', '', 0),
(536, 13, 36, 23, '', '', 0),
(537, 13, 36, 39, '', '', 0),
(538, 13, 43, 47, '', '', 0),
(539, 13, 43, 36, '', '', 0),
(540, 13, 43, 2, '', '', 0),
(541, 13, 14, 36, '', '', 0),
(542, 13, 14, 2, '', '', 0),
(543, 13, 14, 3, '', '', 0),
(544, 13, 52, 35, '', '', 0),
(545, 13, 52, 23, '', '', 0),
(546, 13, 52, 3, '', '', 0),
(547, 13, 40, 38, '', '', 0),
(548, 13, 40, 40, '', '', 0),
(549, 13, 40, 41, '', '', 0),
(550, 13, 35, 33, '', '', 0),
(551, 13, 35, 38, '', '', 0),
(552, 13, 35, 40, '', '', 0),
(553, 13, 35, 41, '', '', 0),
(554, 13, 41, 38, '', '', 0),
(555, 13, 41, 40, '', '', 0),
(556, 13, 41, 41, '', '', 0),
(557, 13, 37, 35, '', '', 0),
(558, 13, 37, 2, '', '', 0),
(559, 13, 3, 44, '', '', 0),
(560, 14, 118, 37, '', '', 0),
(561, 14, 116, 30, '', '', 0),
(562, 14, 116, 2, '', '', 0),
(563, 14, 116, 38, '', '', 0),
(564, 14, 116, 41, '', '', 0),
(565, 14, 116, 44, '', '', 0),
(566, 14, 119, 23, '', '', 0),
(567, 14, 119, 3, '', '', 0),
(568, 14, 119, 41, '', '', 0),
(569, 14, 119, 77, '', '', 0),
(570, 14, 119, 44, '', '', 0),
(571, 14, 119, 4, '', '', 0),
(572, 14, 117, 30, '', '', 0),
(573, 14, 117, 42, '', '', 0),
(574, 14, 117, 4, '', '', 0),
(575, 14, 39, 22, '', '', 0),
(576, 14, 39, 35, '', '', 0),
(577, 14, 39, 30, '', '', 0),
(578, 14, 39, 36, '', '', 0),
(579, 14, 39, 23, '', '', 0),
(580, 14, 39, 24, '', '', 0),
(581, 14, 39, 3, '', '', 0),
(582, 14, 39, 87, '', '', 0),
(583, 14, 39, 43, '', '', 0),
(584, 14, 39, 4, '', '', 0),
(585, 14, 114, 29, '', '', 0),
(586, 14, 114, 23, '', '', 0),
(587, 14, 115, 29, '', '', 0),
(588, 14, 115, 33, '', '', 0),
(589, 14, 115, 23, '', '', 0),
(590, 14, 113, 29, '', '', 0),
(591, 14, 113, 23, '', '', 0),
(592, 14, 3, 3, '', '', 0),
(593, 14, 3, 44, '', '', 0),
(594, 14, 78, 35, '', '', 0),
(595, 14, 78, 58, '', '', 0),
(596, 15, 38, 14, '', '', 0),
(597, 15, 120, 31, '', '', 0),
(598, 15, 120, 40, '', '', 0),
(599, 15, 120, 41, '', '', 0),
(600, 15, 87, 31, '', '', 0),
(601, 15, 87, 40, '', '', 0),
(602, 15, 87, 41, '', '', 0),
(603, 15, 121, 31, '', '', 0),
(604, 15, 121, 40, '', '', 0),
(605, 15, 121, 41, '', '', 0),
(606, 15, 18, 79, '', '', 0),
(607, 15, 100, 23, '', '', 0),
(608, 15, 100, 60, '', '', 0),
(609, 15, 3, 3, '', '', 0),
(610, 15, 3, 44, '', '', 0),
(611, 15, 3, 4, '', '', 0),
(612, 15, 78, 26, '', '', 0),
(613, 15, 74, 23, '', '', 0),
(614, 16, 122, 31, '', '', 0),
(615, 16, 30, 25, '', '', 0),
(616, 16, 7, 59, '', '', 0),
(617, 16, 7, 83, '', '', 0),
(618, 16, 12, 20, '', '', 0),
(619, 16, 18, 26, '', '', 0),
(620, 16, 123, 26, '', '', 0),
(621, 16, 123, 2, '', '', 0),
(622, 16, 107, 26, '', '', 0),
(623, 17, 85, 3, '', '', 0),
(624, 17, 85, 73, '', '', 0),
(625, 17, 85, 44, '', '', 0),
(626, 17, 85, 4, '', '', 0),
(627, 17, 30, 9, '', '', 0),
(628, 17, 30, 22, '', '', 0),
(629, 17, 30, 23, '', '', 0),
(630, 17, 30, 14, '', '', 0),
(631, 17, 30, 25, '', '', 0),
(632, 17, 86, 81, '', '', 0),
(633, 17, 120, 10, '', '', 0),
(634, 17, 120, 28, '', '', 0),
(635, 17, 120, 29, '', '', 0),
(636, 17, 120, 12, '', '', 0),
(637, 17, 120, 11, '', '', 0),
(638, 17, 120, 40, '', '', 0),
(639, 17, 120, 41, '', '', 0),
(640, 17, 87, 10, '', '', 0),
(641, 17, 87, 28, '', '', 0),
(642, 17, 87, 29, '', '', 0),
(643, 17, 87, 12, '', '', 0),
(644, 17, 87, 11, '', '', 0),
(645, 17, 87, 40, '', '', 0),
(646, 17, 87, 41, '', '', 0),
(647, 17, 121, 10, '', '', 0),
(648, 17, 121, 28, '', '', 0),
(649, 17, 121, 29, '', '', 0),
(650, 17, 121, 12, '', '', 0),
(651, 17, 121, 11, '', '', 0),
(652, 17, 121, 40, '', '', 0),
(653, 17, 121, 41, '', '', 0),
(654, 17, 88, 32, '', '', 0),
(655, 17, 88, 28, '', '', 0),
(656, 17, 88, 29, '', '', 0),
(657, 17, 88, 82, '', '', 0),
(658, 17, 88, 31, '', '', 0),
(659, 17, 124, 32, '', '', 0),
(660, 17, 124, 28, '', '', 0),
(661, 17, 124, 29, '', '', 0),
(662, 17, 124, 82, '', '', 0),
(663, 17, 124, 31, '', '', 0),
(664, 17, 89, 32, '', '', 0),
(665, 17, 89, 28, '', '', 0),
(666, 17, 89, 29, '', '', 0),
(667, 17, 89, 82, '', '', 0),
(668, 17, 89, 31, '', '', 0),
(669, 17, 90, 78, '', '', 0),
(670, 17, 91, 23, '', '', 0),
(671, 17, 91, 73, '', '', 0),
(672, 17, 91, 41, '', '', 0),
(673, 17, 91, 61, '', '', 0),
(674, 17, 91, 4, '', '', 0),
(675, 17, 92, 26, '', '', 0),
(676, 17, 92, 23, '', '', 0),
(677, 17, 92, 73, '', '', 0),
(678, 17, 92, 61, '', '', 0),
(679, 17, 111, 73, '', '', 0),
(680, 17, 111, 4, '', '', 0),
(681, 17, 7, 59, '', '', 0),
(682, 17, 7, 30, '', '', 0),
(683, 17, 7, 60, '', '', 0),
(684, 17, 7, 83, '', '', 0),
(685, 17, 7, 4, '', '', 0),
(686, 17, 7, 84, '', '', 0),
(687, 17, 8, 23, '', '', 0),
(688, 17, 8, 4, '', '', 0),
(689, 17, 93, 26, '', '', 0),
(690, 17, 93, 73, '', '', 0),
(691, 17, 93, 61, '', '', 0),
(692, 17, 93, 4, '', '', 0),
(693, 17, 94, 23, '', '', 0),
(694, 17, 94, 73, '', '', 0),
(695, 17, 94, 44, '', '', 0),
(696, 17, 95, 9, '', '', 0),
(697, 17, 95, 30, '', '', 0),
(698, 17, 95, 23, '', '', 0),
(699, 17, 95, 73, '', '', 0),
(700, 17, 95, 61, '', '', 0),
(701, 17, 95, 44, '', '', 0),
(702, 17, 95, 4, '', '', 0),
(703, 17, 96, 26, '', '', 0),
(704, 17, 96, 73, '', '', 0),
(705, 17, 96, 61, '', '', 0),
(706, 17, 96, 4, '', '', 0),
(707, 17, 97, 3, '', '', 0),
(708, 17, 97, 60, '', '', 0),
(709, 17, 97, 54, '', '', 0),
(710, 17, 97, 44, '', '', 0),
(711, 17, 97, 4, '', '', 0),
(712, 17, 18, 85, '', '', 0),
(713, 17, 18, 34, '', '', 0),
(714, 17, 18, 26, '', '', 0),
(715, 17, 18, 79, '', '', 0),
(716, 17, 18, 27, '', '', 0),
(717, 17, 18, 4, '', '', 0),
(718, 17, 98, 26, '', '', 0),
(719, 17, 98, 4, '', '', 0),
(720, 17, 99, 26, '', '', 0),
(721, 17, 99, 3, '', '', 0),
(722, 17, 100, 23, '', '', 0),
(723, 17, 100, 73, '', '', 0),
(724, 17, 100, 60, '', '', 0),
(725, 17, 100, 86, '', '', 0),
(726, 17, 100, 44, '', '', 0),
(727, 17, 100, 4, '', '', 0),
(728, 17, 101, 9, '', '', 0),
(729, 17, 101, 3, '', '', 0),
(730, 17, 101, 73, '', '', 0),
(731, 17, 112, 73, '', '', 0),
(732, 17, 112, 4, '', '', 0),
(733, 17, 102, 26, '', '', 0),
(734, 17, 102, 23, '', '', 0),
(735, 17, 102, 73, '', '', 0),
(736, 17, 102, 61, '', '', 0),
(737, 17, 102, 4, '', '', 0),
(738, 17, 21, 26, '', '', 0),
(739, 17, 21, 4, '', '', 0),
(740, 17, 103, 26, '', '', 0),
(741, 17, 103, 4, '', '', 0),
(742, 17, 22, 26, '', '', 0),
(743, 17, 22, 31, '', '', 0),
(744, 17, 22, 4, '', '', 0),
(745, 17, 104, 26, '', '', 0),
(746, 17, 104, 4, '', '', 0),
(747, 17, 105, 3, '', '', 0),
(748, 17, 105, 4, '', '', 0),
(749, 17, 106, 26, '', '', 0),
(750, 17, 106, 38, '', '', 0),
(751, 17, 106, 31, '', '', 0),
(752, 17, 107, 26, '', '', 0),
(753, 17, 107, 27, '', '', 0),
(754, 17, 107, 4, '', '', 0),
(755, 17, 108, 26, '', '', 0),
(756, 17, 108, 4, '', '', 0),
(757, 17, 109, 3, '', '', 0),
(758, 17, 109, 4, '', '', 0),
(759, 17, 110, 26, '', '', 0),
(760, 17, 110, 23, '', '', 0),
(761, 17, 110, 73, '', '', 0),
(762, 17, 110, 61, '', '', 0),
(763, 17, 110, 25, '', '', 0),
(764, 17, 110, 4, '', '', 0),
(765, 17, 74, 23, '', '', 0),
(766, 17, 74, 4, '', '', 0),
(767, 18, 85, 3, '', '', 0),
(768, 18, 85, 73, '', '', 0),
(769, 18, 85, 44, '', '', 0),
(770, 18, 85, 4, '', '', 0),
(771, 18, 30, 9, '', '', 0),
(772, 18, 30, 22, '', '', 0),
(773, 18, 30, 23, '', '', 0),
(774, 18, 30, 14, '', '', 0),
(775, 18, 30, 25, '', '', 0),
(776, 18, 120, 10, '', '', 0),
(777, 18, 120, 28, '', '', 0),
(778, 18, 120, 29, '', '', 0),
(779, 18, 120, 12, '', '', 0),
(780, 18, 120, 11, '', '', 0),
(781, 18, 120, 40, '', '', 0),
(782, 18, 120, 41, '', '', 0),
(783, 18, 87, 10, '', '', 0),
(784, 18, 87, 28, '', '', 0),
(785, 18, 87, 29, '', '', 0),
(786, 18, 87, 12, '', '', 0),
(787, 18, 87, 11, '', '', 0),
(788, 18, 87, 40, '', '', 0),
(789, 18, 87, 41, '', '', 0),
(790, 18, 121, 10, '', '', 0),
(791, 18, 121, 28, '', '', 0),
(792, 18, 121, 29, '', '', 0),
(793, 18, 121, 12, '', '', 0),
(794, 18, 121, 11, '', '', 0),
(795, 18, 121, 40, '', '', 0),
(796, 18, 121, 41, '', '', 0),
(797, 18, 88, 32, '', '', 0),
(798, 18, 88, 28, '', '', 0),
(799, 18, 88, 29, '', '', 0),
(800, 18, 88, 82, '', '', 0),
(801, 18, 124, 32, '', '', 0),
(802, 18, 124, 28, '', '', 0),
(803, 18, 124, 29, '', '', 0),
(804, 18, 124, 82, '', '', 0),
(805, 18, 89, 32, '', '', 0),
(806, 18, 89, 28, '', '', 0),
(807, 18, 89, 29, '', '', 0),
(808, 18, 89, 82, '', '', 0),
(809, 18, 7, 59, '', '', 0),
(810, 18, 7, 30, '', '', 0),
(811, 18, 7, 60, '', '', 0),
(812, 18, 7, 83, '', '', 0),
(813, 18, 7, 4, '', '', 0),
(814, 18, 7, 84, '', '', 0),
(815, 18, 125, 3, '', '', 0),
(816, 18, 125, 44, '', '', 0),
(817, 18, 125, 4, '', '', 0),
(818, 18, 95, 30, '', '', 0),
(819, 18, 95, 23, '', '', 0),
(820, 18, 95, 73, '', '', 0),
(821, 18, 95, 60, '', '', 0),
(822, 18, 95, 61, '', '', 0),
(823, 18, 95, 4, '', '', 0),
(824, 18, 97, 3, '', '', 0),
(825, 18, 97, 60, '', '', 0),
(826, 18, 97, 54, '', '', 0),
(827, 18, 97, 44, '', '', 0),
(828, 18, 97, 4, '', '', 0),
(829, 18, 126, 60, '', '', 0),
(830, 18, 126, 44, '', '', 0),
(831, 18, 18, 34, '', '', 0),
(832, 18, 18, 26, '', '', 0),
(833, 18, 18, 79, '', '', 0),
(834, 18, 18, 27, '', '', 0),
(835, 18, 18, 4, '', '', 0),
(836, 18, 98, 26, '', '', 0),
(837, 18, 98, 4, '', '', 0),
(838, 18, 100, 23, '', '', 0),
(839, 18, 100, 73, '', '', 0),
(840, 18, 100, 60, '', '', 0),
(841, 18, 100, 86, '', '', 0),
(842, 18, 100, 44, '', '', 0),
(843, 18, 100, 4, '', '', 0),
(844, 18, 127, 30, '', '', 0),
(845, 18, 127, 3, '', '', 0),
(846, 18, 127, 4, '', '', 0),
(847, 18, 128, 30, '', '', 0),
(848, 18, 128, 31, '', '', 0),
(849, 18, 128, 4, '', '', 0),
(850, 18, 129, 30, '', '', 0),
(851, 18, 129, 4, '', '', 0),
(852, 18, 64, 3, '', '', 0),
(853, 18, 64, 60, '', '', 0),
(854, 18, 64, 54, '', '', 0),
(855, 18, 64, 44, '', '', 0),
(856, 18, 64, 4, '', '', 0),
(857, 18, 21, 26, '', '', 0),
(858, 18, 21, 4, '', '', 0),
(859, 18, 22, 26, '', '', 0),
(860, 18, 22, 31, '', '', 0),
(861, 18, 22, 4, '', '', 0),
(862, 18, 23, 26, '', '', 0),
(863, 18, 23, 4, '', '', 0),
(864, 18, 106, 38, '', '', 0),
(865, 18, 106, 31, '', '', 0),
(866, 18, 107, 26, '', '', 0),
(867, 18, 107, 27, '', '', 0),
(868, 18, 107, 4, '', '', 0),
(869, 18, 110, 26, '', '', 0),
(870, 18, 110, 23, '', '', 0),
(871, 18, 110, 73, '', '', 0),
(872, 18, 110, 61, '', '', 0),
(873, 18, 110, 4, '', '', 0),
(874, 19, 30, 9, '', '', 0),
(875, 19, 30, 22, '', '', 0),
(876, 19, 30, 23, '', '', 0),
(877, 19, 30, 14, '', '', 0),
(878, 19, 30, 25, '', '', 0),
(879, 19, 120, 10, '', '', 0),
(880, 19, 120, 28, '', '', 0),
(881, 19, 120, 29, '', '', 0),
(882, 19, 120, 12, '', '', 0),
(883, 19, 120, 11, '', '', 0),
(884, 19, 120, 40, '', '', 0),
(885, 19, 120, 41, '', '', 0),
(886, 19, 87, 10, '', '', 0),
(887, 19, 87, 28, '', '', 0),
(888, 19, 87, 29, '', '', 0),
(889, 19, 87, 12, '', '', 0),
(890, 19, 87, 11, '', '', 0),
(891, 19, 87, 40, '', '', 0),
(892, 19, 87, 41, '', '', 0),
(893, 19, 121, 10, '', '', 0),
(894, 19, 121, 28, '', '', 0),
(895, 19, 121, 29, '', '', 0),
(896, 19, 121, 12, '', '', 0),
(897, 19, 121, 11, '', '', 0),
(898, 19, 121, 40, '', '', 0),
(899, 19, 121, 41, '', '', 0),
(900, 19, 88, 32, '', '', 0),
(901, 19, 88, 28, '', '', 0),
(902, 19, 88, 29, '', '', 0),
(903, 19, 88, 82, '', '', 0),
(904, 19, 124, 32, '', '', 0),
(905, 19, 124, 28, '', '', 0),
(906, 19, 124, 29, '', '', 0),
(907, 19, 124, 82, '', '', 0),
(908, 19, 89, 32, '', '', 0),
(909, 19, 89, 28, '', '', 0),
(910, 19, 89, 29, '', '', 0),
(911, 19, 89, 82, '', '', 0),
(912, 19, 7, 59, '', '', 0),
(913, 19, 7, 30, '', '', 0),
(914, 19, 7, 60, '', '', 0),
(915, 19, 7, 83, '', '', 0),
(916, 19, 7, 4, '', '', 0),
(917, 19, 7, 84, '', '', 0),
(918, 19, 8, 23, '', '', 0),
(919, 19, 8, 4, '', '', 0),
(920, 19, 94, 23, '', '', 0),
(921, 19, 94, 73, '', '', 0),
(922, 19, 94, 44, '', '', 0),
(923, 19, 130, 57, '', '', 0),
(924, 19, 130, 30, '', '', 0),
(925, 19, 130, 88, '', '', 0),
(926, 19, 130, 73, '', '', 0),
(927, 19, 130, 4, '', '', 0),
(928, 19, 95, 30, '', '', 0),
(929, 19, 95, 23, '', '', 0),
(930, 19, 95, 73, '', '', 0),
(931, 19, 95, 60, '', '', 0),
(932, 19, 95, 61, '', '', 0),
(933, 19, 95, 44, '', '', 0),
(934, 19, 95, 4, '', '', 0),
(935, 19, 97, 3, '', '', 0),
(936, 19, 97, 60, '', '', 0),
(937, 19, 97, 54, '', '', 0),
(938, 19, 97, 44, '', '', 0),
(939, 19, 97, 4, '', '', 0),
(940, 19, 18, 34, '', '', 0),
(941, 19, 18, 26, '', '', 0),
(942, 19, 18, 79, '', '', 0),
(943, 19, 18, 27, '', '', 0),
(944, 19, 18, 4, '', '', 0),
(945, 19, 98, 26, '', '', 0),
(946, 19, 98, 4, '', '', 0),
(947, 19, 100, 23, '', '', 0),
(948, 19, 100, 73, '', '', 0),
(949, 19, 100, 60, '', '', 0),
(950, 19, 100, 86, '', '', 0),
(951, 19, 100, 44, '', '', 0),
(952, 19, 100, 4, '', '', 0),
(953, 19, 64, 3, '', '', 0),
(954, 19, 64, 60, '', '', 0),
(955, 19, 64, 54, '', '', 0),
(956, 19, 64, 44, '', '', 0),
(957, 19, 64, 4, '', '', 0),
(958, 19, 73, 23, '', '', 0),
(959, 19, 73, 60, '', '', 0),
(960, 19, 73, 44, '', '', 0),
(961, 19, 21, 26, '', '', 0),
(962, 19, 21, 4, '', '', 0),
(963, 19, 22, 26, '', '', 0),
(964, 19, 22, 31, '', '', 0),
(965, 19, 22, 4, '', '', 0),
(966, 19, 23, 26, '', '', 0),
(967, 19, 23, 4, '', '', 0),
(968, 19, 107, 26, '', '', 0),
(969, 19, 107, 27, '', '', 0),
(970, 19, 107, 4, '', '', 0),
(971, 19, 108, 26, '', '', 0),
(972, 19, 108, 4, '', '', 0),
(973, 19, 109, 3, '', '', 0),
(974, 19, 109, 4, '', '', 0),
(975, 19, 74, 23, '', '', 0),
(976, 19, 74, 73, '', '', 0),
(977, 19, 74, 60, '', '', 0),
(978, 19, 74, 4, '', '', 0),
(979, 20, 85, 3, '', '', 0),
(980, 20, 85, 73, '', '', 0),
(981, 20, 85, 44, '', '', 0),
(982, 20, 85, 4, '', '', 0),
(983, 20, 30, 9, '', '', 0),
(984, 20, 30, 22, '', '', 0),
(985, 20, 30, 23, '', '', 0),
(986, 20, 30, 14, '', '', 0),
(987, 20, 30, 25, '', '', 0),
(988, 20, 120, 10, '', '', 0),
(989, 20, 120, 12, '', '', 0),
(990, 20, 120, 11, '', '', 0),
(991, 20, 120, 40, '', '', 0),
(992, 20, 120, 41, '', '', 0),
(993, 20, 87, 10, '', '', 0),
(994, 20, 87, 12, '', '', 0),
(995, 20, 87, 11, '', '', 0),
(996, 20, 87, 40, '', '', 0),
(997, 20, 87, 41, '', '', 0),
(998, 20, 121, 10, '', '', 0),
(999, 20, 121, 12, '', '', 0),
(1000, 20, 121, 11, '', '', 0),
(1001, 20, 121, 40, '', '', 0),
(1002, 20, 121, 41, '', '', 0),
(1003, 20, 88, 32, '', '', 0),
(1004, 20, 88, 28, '', '', 0),
(1005, 20, 88, 29, '', '', 0),
(1006, 20, 88, 82, '', '', 0),
(1007, 20, 124, 32, '', '', 0),
(1008, 20, 124, 28, '', '', 0),
(1009, 20, 124, 29, '', '', 0),
(1010, 20, 124, 82, '', '', 0),
(1011, 20, 89, 32, '', '', 0),
(1012, 20, 89, 28, '', '', 0),
(1013, 20, 89, 29, '', '', 0),
(1014, 20, 89, 82, '', '', 0),
(1015, 20, 7, 59, '', '', 0),
(1016, 20, 7, 30, '', '', 0),
(1017, 20, 7, 60, '', '', 0),
(1018, 20, 7, 83, '', '', 0),
(1019, 20, 7, 4, '', '', 0),
(1020, 20, 7, 84, '', '', 0),
(1021, 20, 131, 26, '', '', 0),
(1022, 20, 131, 23, '', '', 0),
(1023, 20, 131, 73, '', '', 0),
(1024, 20, 131, 61, '', '', 0),
(1025, 20, 131, 4, '', '', 0),
(1026, 20, 8, 23, '', '', 0),
(1027, 20, 8, 73, '', '', 0),
(1028, 20, 8, 60, '', '', 0),
(1029, 20, 8, 4, '', '', 0),
(1030, 20, 94, 23, '', '', 0),
(1031, 20, 94, 73, '', '', 0),
(1032, 20, 94, 44, '', '', 0),
(1033, 20, 95, 30, '', '', 0),
(1034, 20, 95, 23, '', '', 0),
(1035, 20, 95, 73, '', '', 0),
(1036, 20, 95, 60, '', '', 0),
(1037, 20, 95, 61, '', '', 0),
(1038, 20, 95, 44, '', '', 0),
(1039, 20, 95, 4, '', '', 0),
(1040, 20, 97, 3, '', '', 0),
(1041, 20, 97, 60, '', '', 0),
(1042, 20, 97, 54, '', '', 0),
(1043, 20, 97, 44, '', '', 0),
(1044, 20, 97, 4, '', '', 0),
(1045, 20, 18, 34, '', '', 0),
(1046, 20, 18, 26, '', '', 0),
(1047, 20, 18, 79, '', '', 0),
(1048, 20, 18, 27, '', '', 0),
(1049, 20, 18, 4, '', '', 0),
(1050, 20, 98, 26, '', '', 0),
(1051, 20, 98, 4, '', '', 0),
(1052, 20, 100, 23, '', '', 0),
(1053, 20, 100, 73, '', '', 0),
(1054, 20, 100, 60, '', '', 0),
(1055, 20, 100, 86, '', '', 0),
(1056, 20, 100, 44, '', '', 0),
(1057, 20, 100, 4, '', '', 0),
(1058, 20, 132, 23, '', '', 0),
(1059, 20, 132, 89, '', '', 0),
(1060, 20, 132, 44, '', '', 0),
(1061, 20, 132, 4, '', '', 0),
(1062, 20, 102, 9, '', '', 0),
(1063, 20, 102, 26, '', '', 0),
(1064, 20, 102, 23, '', '', 0),
(1065, 20, 102, 73, '', '', 0),
(1066, 20, 102, 61, '', '', 0),
(1067, 20, 102, 4, '', '', 0),
(1068, 20, 64, 3, '', '', 0),
(1069, 20, 64, 60, '', '', 0),
(1070, 20, 64, 54, '', '', 0),
(1071, 20, 64, 44, '', '', 0),
(1072, 20, 64, 4, '', '', 0),
(1073, 20, 73, 23, '', '', 0),
(1074, 20, 73, 60, '', '', 0),
(1075, 20, 73, 44, '', '', 0),
(1076, 20, 21, 26, '', '', 0),
(1077, 20, 21, 4, '', '', 0),
(1078, 20, 103, 26, '', '', 0),
(1079, 20, 103, 4, '', '', 0),
(1080, 20, 22, 26, '', '', 0),
(1081, 20, 22, 31, '', '', 0),
(1082, 20, 22, 4, '', '', 0),
(1083, 20, 104, 26, '', '', 0),
(1084, 20, 104, 4, '', '', 0),
(1085, 20, 105, 3, '', '', 0),
(1086, 20, 105, 4, '', '', 0),
(1087, 20, 107, 26, '', '', 0),
(1088, 20, 107, 27, '', '', 0),
(1089, 20, 107, 4, '', '', 0),
(1090, 20, 108, 26, '', '', 0),
(1091, 20, 108, 4, '', '', 0),
(1092, 20, 109, 3, '', '', 0),
(1093, 20, 109, 4, '', '', 0),
(1094, 20, 74, 23, '', '', 0),
(1095, 20, 74, 73, '', '', 0),
(1096, 20, 74, 60, '', '', 0),
(1097, 20, 74, 4, '', '', 0),
(1098, 21, 133, 40, '', '', 0),
(1099, 21, 133, 41, '', '', 0),
(1100, 21, 134, 9, '', '', 0),
(1101, 21, 134, 38, '', '', 0),
(1102, 21, 135, 8, '', '', 0),
(1103, 21, 135, 10, '', '', 0),
(1104, 21, 135, 28, '', '', 0),
(1105, 21, 135, 80, '', '', 0),
(1106, 21, 135, 29, '', '', 0),
(1107, 21, 135, 78, '', '', 0),
(1108, 21, 135, 26, '', '', 0),
(1109, 21, 135, 38, '', '', 0),
(1110, 21, 135, 79, '', '', 0),
(1111, 21, 135, 90, '', '', 0),
(1112, 21, 135, 12, '', '', 0),
(1113, 21, 135, 11, '', '', 0),
(1114, 21, 135, 27, '', '', 0),
(1115, 21, 135, 31, '', '', 0),
(1116, 21, 135, 40, '', '', 0),
(1117, 21, 135, 41, '', '', 0),
(1118, 21, 135, 54, '', '', 0),
(1119, 21, 136, 8, '', '', 0),
(1120, 21, 136, 10, '', '', 0),
(1121, 21, 136, 28, '', '', 0),
(1122, 21, 136, 80, '', '', 0),
(1123, 21, 136, 29, '', '', 0),
(1124, 21, 136, 78, '', '', 0),
(1125, 21, 136, 26, '', '', 0),
(1126, 21, 136, 38, '', '', 0),
(1127, 21, 136, 79, '', '', 0),
(1128, 21, 136, 90, '', '', 0),
(1129, 21, 136, 12, '', '', 0),
(1130, 21, 136, 11, '', '', 0),
(1131, 21, 136, 27, '', '', 0),
(1132, 21, 136, 31, '', '', 0),
(1133, 21, 136, 40, '', '', 0),
(1134, 21, 136, 41, '', '', 0),
(1135, 21, 136, 54, '', '', 0),
(1136, 21, 137, 8, '', '', 0),
(1137, 21, 137, 10, '', '', 0),
(1138, 21, 137, 28, '', '', 0),
(1139, 21, 137, 80, '', '', 0),
(1140, 21, 137, 29, '', '', 0),
(1141, 21, 137, 78, '', '', 0),
(1142, 21, 137, 26, '', '', 0),
(1143, 21, 137, 38, '', '', 0),
(1144, 21, 137, 79, '', '', 0),
(1145, 21, 137, 90, '', '', 0),
(1146, 21, 137, 12, '', '', 0),
(1147, 21, 137, 11, '', '', 0),
(1148, 21, 137, 27, '', '', 0),
(1149, 21, 137, 31, '', '', 0),
(1150, 21, 137, 40, '', '', 0),
(1151, 21, 137, 41, '', '', 0),
(1152, 21, 137, 54, '', '', 0),
(1153, 21, 43, 22, '', '', 0),
(1154, 21, 43, 23, '', '', 0),
(1155, 21, 43, 24, '', '', 0),
(1156, 21, 43, 25, '', '', 0),
(1157, 21, 43, 4, '', '', 0),
(1158, 21, 138, 23, '', '', 0),
(1159, 21, 138, 3, '', '', 0),
(1160, 21, 138, 4, '', '', 0),
(1161, 21, 7, 60, '', '', 0),
(1162, 21, 51, 27, '', '', 0),
(1163, 21, 51, 31, '', '', 0),
(1164, 21, 51, 4, '', '', 0),
(1165, 21, 53, 34, '', '', 0),
(1166, 21, 53, 26, '', '', 0),
(1167, 21, 53, 49, '', '', 0),
(1168, 21, 53, 4, '', '', 0),
(1169, 21, 61, 91, '', '', 0),
(1170, 21, 32, 32, '', '', 0),
(1171, 21, 32, 28, '', '', 0),
(1172, 21, 32, 80, '', '', 0),
(1173, 21, 32, 29, '', '', 0),
(1174, 21, 32, 23, '', '', 0),
(1175, 21, 32, 27, '', '', 0),
(1176, 21, 32, 31, '', '', 0),
(1177, 21, 32, 54, '', '', 0),
(1178, 21, 31, 32, '', '', 0),
(1179, 21, 31, 28, '', '', 0),
(1180, 21, 31, 80, '', '', 0),
(1181, 21, 31, 29, '', '', 0),
(1182, 21, 31, 23, '', '', 0),
(1183, 21, 31, 27, '', '', 0),
(1184, 21, 31, 31, '', '', 0),
(1185, 21, 31, 54, '', '', 0),
(1186, 21, 33, 32, '', '', 0),
(1187, 21, 33, 28, '', '', 0),
(1188, 21, 33, 80, '', '', 0),
(1189, 21, 33, 29, '', '', 0),
(1190, 21, 33, 23, '', '', 0),
(1191, 21, 33, 27, '', '', 0),
(1192, 21, 33, 31, '', '', 0),
(1193, 21, 33, 54, '', '', 0),
(1194, 21, 95, 30, '', '', 0),
(1195, 21, 95, 23, '', '', 0),
(1196, 21, 95, 73, '', '', 0),
(1197, 21, 95, 60, '', '', 0),
(1198, 21, 95, 4, '', '', 0),
(1199, 21, 139, 26, '', '', 0),
(1200, 21, 139, 73, '', '', 0),
(1201, 21, 139, 27, '', '', 0),
(1202, 21, 139, 31, '', '', 0),
(1203, 21, 37, 34, '', '', 0),
(1204, 21, 37, 26, '', '', 0),
(1205, 21, 37, 49, '', '', 0),
(1206, 21, 37, 4, '', '', 0),
(1207, 21, 140, 28, '', '', 0),
(1208, 21, 140, 80, '', '', 0),
(1209, 21, 140, 29, '', '', 0),
(1210, 21, 140, 38, '', '', 0),
(1211, 21, 140, 90, '', '', 0),
(1212, 21, 140, 73, '', '', 0),
(1213, 21, 140, 27, '', '', 0),
(1214, 21, 140, 31, '', '', 0),
(1215, 21, 140, 40, '', '', 0),
(1216, 21, 140, 41, '', '', 0),
(1217, 21, 140, 54, '', '', 0),
(1218, 21, 141, 28, '', '', 0),
(1219, 21, 141, 80, '', '', 0),
(1220, 21, 141, 29, '', '', 0),
(1221, 21, 141, 38, '', '', 0),
(1222, 21, 141, 90, '', '', 0),
(1223, 21, 141, 73, '', '', 0),
(1224, 21, 141, 27, '', '', 0),
(1225, 21, 141, 31, '', '', 0),
(1226, 21, 141, 40, '', '', 0),
(1227, 21, 141, 41, '', '', 0),
(1228, 21, 141, 54, '', '', 0),
(1229, 21, 142, 28, '', '', 0),
(1230, 21, 142, 80, '', '', 0),
(1231, 21, 142, 29, '', '', 0),
(1232, 21, 142, 38, '', '', 0),
(1233, 21, 142, 90, '', '', 0),
(1234, 21, 142, 73, '', '', 0),
(1235, 21, 142, 27, '', '', 0),
(1236, 21, 142, 31, '', '', 0),
(1237, 21, 142, 40, '', '', 0),
(1238, 21, 142, 41, '', '', 0),
(1239, 21, 142, 54, '', '', 0),
(1240, 21, 84, 22, '', '', 0),
(1241, 21, 84, 25, '', '', 0),
(1242, 21, 84, 4, '', '', 0),
(1243, 21, 143, 28, '', '', 0),
(1244, 21, 143, 80, '', '', 0),
(1245, 21, 143, 29, '', '', 0),
(1246, 21, 143, 78, '', '', 0),
(1247, 21, 143, 38, '', '', 0),
(1248, 21, 143, 79, '', '', 0),
(1249, 21, 143, 90, '', '', 0),
(1250, 21, 143, 92, '', '', 0),
(1251, 21, 143, 40, '', '', 0),
(1252, 21, 143, 41, '', '', 0),
(1253, 21, 143, 54, '', '', 0),
(1254, 21, 144, 78, '', '', 0),
(1255, 21, 144, 3, '', '', 0),
(1256, 21, 144, 31, '', '', 0),
(1257, 21, 144, 4, '', '', 0),
(1258, 21, 64, 3, '', '', 0),
(1259, 21, 64, 31, '', '', 0),
(1260, 21, 64, 54, '', '', 0),
(1261, 21, 64, 93, '', '', 0),
(1262, 21, 64, 74, '', '', 0),
(1263, 21, 64, 44, '', '', 0),
(1264, 21, 64, 4, '', '', 0),
(1265, 21, 55, 34, '', '', 0),
(1266, 21, 55, 26, '', '', 0),
(1267, 21, 55, 49, '', '', 0),
(1268, 21, 55, 4, '', '', 0),
(1269, 21, 74, 75, '', '', 0),
(1270, 21, 145, 44, '', '', 0),
(1271, 22, 133, 40, '', '', 0),
(1272, 22, 133, 41, '', '', 0),
(1273, 22, 134, 9, '', '', 0),
(1274, 22, 134, 38, '', '', 0),
(1275, 22, 135, 8, '', '', 0),
(1276, 22, 135, 10, '', '', 0),
(1277, 22, 135, 28, '', '', 0),
(1278, 22, 135, 80, '', '', 0),
(1279, 22, 135, 29, '', '', 0),
(1280, 22, 135, 78, '', '', 0),
(1281, 22, 135, 26, '', '', 0),
(1282, 22, 135, 38, '', '', 0),
(1283, 22, 135, 79, '', '', 0),
(1284, 22, 135, 90, '', '', 0),
(1285, 22, 135, 12, '', '', 0),
(1286, 22, 135, 11, '', '', 0),
(1287, 22, 135, 27, '', '', 0),
(1288, 22, 135, 31, '', '', 0),
(1289, 22, 135, 40, '', '', 0),
(1290, 22, 135, 41, '', '', 0),
(1291, 22, 135, 54, '', '', 0),
(1292, 22, 136, 8, '', '', 0),
(1293, 22, 136, 10, '', '', 0),
(1294, 22, 136, 28, '', '', 0),
(1295, 22, 136, 80, '', '', 0),
(1296, 22, 136, 29, '', '', 0),
(1297, 22, 136, 78, '', '', 0),
(1298, 22, 136, 26, '', '', 0),
(1299, 22, 136, 38, '', '', 0),
(1300, 22, 136, 79, '', '', 0),
(1301, 22, 136, 90, '', '', 0),
(1302, 22, 136, 12, '', '', 0),
(1303, 22, 136, 11, '', '', 0),
(1304, 22, 136, 27, '', '', 0),
(1305, 22, 136, 31, '', '', 0),
(1306, 22, 136, 40, '', '', 0),
(1307, 22, 136, 41, '', '', 0),
(1308, 22, 136, 54, '', '', 0),
(1309, 22, 137, 8, '', '', 0),
(1310, 22, 137, 10, '', '', 0),
(1311, 22, 137, 28, '', '', 0),
(1312, 22, 137, 80, '', '', 0),
(1313, 22, 137, 29, '', '', 0),
(1314, 22, 137, 78, '', '', 0),
(1315, 22, 137, 26, '', '', 0),
(1316, 22, 137, 38, '', '', 0),
(1317, 22, 137, 79, '', '', 0),
(1318, 22, 137, 90, '', '', 0),
(1319, 22, 137, 12, '', '', 0),
(1320, 22, 137, 11, '', '', 0),
(1321, 22, 137, 27, '', '', 0),
(1322, 22, 137, 31, '', '', 0),
(1323, 22, 137, 40, '', '', 0),
(1324, 22, 137, 41, '', '', 0),
(1325, 22, 137, 54, '', '', 0),
(1326, 22, 43, 22, '', '', 0),
(1327, 22, 43, 23, '', '', 0),
(1328, 22, 43, 24, '', '', 0),
(1329, 22, 43, 25, '', '', 0),
(1330, 22, 43, 4, '', '', 0),
(1331, 22, 138, 23, '', '', 0),
(1332, 22, 138, 3, '', '', 0),
(1333, 22, 138, 4, '', '', 0),
(1334, 22, 7, 60, '', '', 0),
(1335, 22, 51, 27, '', '', 0),
(1336, 22, 51, 31, '', '', 0),
(1337, 22, 51, 4, '', '', 0),
(1338, 22, 53, 34, '', '', 0),
(1339, 22, 53, 26, '', '', 0),
(1340, 22, 53, 49, '', '', 0),
(1341, 22, 53, 4, '', '', 0),
(1342, 22, 61, 91, '', '', 0),
(1343, 22, 32, 32, '', '', 0),
(1344, 22, 32, 28, '', '', 0),
(1345, 22, 32, 80, '', '', 0),
(1346, 22, 32, 29, '', '', 0),
(1347, 22, 32, 23, '', '', 0),
(1348, 22, 32, 27, '', '', 0),
(1349, 22, 32, 31, '', '', 0),
(1350, 22, 32, 54, '', '', 0),
(1351, 22, 31, 32, '', '', 0),
(1352, 22, 31, 28, '', '', 0),
(1353, 22, 31, 80, '', '', 0),
(1354, 22, 31, 29, '', '', 0),
(1355, 22, 31, 23, '', '', 0),
(1356, 22, 31, 27, '', '', 0),
(1357, 22, 31, 31, '', '', 0),
(1358, 22, 31, 54, '', '', 0),
(1359, 22, 33, 32, '', '', 0),
(1360, 22, 33, 28, '', '', 0),
(1361, 22, 33, 80, '', '', 0),
(1362, 22, 33, 29, '', '', 0),
(1363, 22, 33, 23, '', '', 0),
(1364, 22, 33, 27, '', '', 0),
(1365, 22, 33, 31, '', '', 0),
(1366, 22, 33, 54, '', '', 0),
(1367, 22, 95, 30, '', '', 0),
(1368, 22, 95, 23, '', '', 0),
(1369, 22, 95, 73, '', '', 0),
(1370, 22, 95, 60, '', '', 0),
(1371, 22, 95, 4, '', '', 0),
(1372, 22, 139, 26, '', '', 0),
(1373, 22, 139, 73, '', '', 0),
(1374, 22, 139, 27, '', '', 0),
(1375, 22, 139, 31, '', '', 0),
(1376, 22, 37, 34, '', '', 0),
(1377, 22, 37, 26, '', '', 0),
(1378, 22, 37, 49, '', '', 0),
(1379, 22, 37, 4, '', '', 0),
(1380, 22, 140, 28, '', '', 0),
(1381, 22, 140, 80, '', '', 0),
(1382, 22, 140, 29, '', '', 0),
(1383, 22, 140, 38, '', '', 0),
(1384, 22, 140, 90, '', '', 0),
(1385, 22, 140, 73, '', '', 0),
(1386, 22, 140, 27, '', '', 0),
(1387, 22, 140, 31, '', '', 0),
(1388, 22, 140, 40, '', '', 0),
(1389, 22, 140, 41, '', '', 0),
(1390, 22, 140, 54, '', '', 0),
(1391, 22, 141, 28, '', '', 0),
(1392, 22, 141, 80, '', '', 0),
(1393, 22, 141, 29, '', '', 0),
(1394, 22, 141, 38, '', '', 0),
(1395, 22, 141, 90, '', '', 0),
(1396, 22, 141, 73, '', '', 0),
(1397, 22, 141, 27, '', '', 0),
(1398, 22, 141, 31, '', '', 0),
(1399, 22, 141, 40, '', '', 0),
(1400, 22, 141, 41, '', '', 0),
(1401, 22, 141, 54, '', '', 0),
(1402, 22, 142, 28, '', '', 0),
(1403, 22, 142, 80, '', '', 0),
(1404, 22, 142, 29, '', '', 0),
(1405, 22, 142, 38, '', '', 0),
(1406, 22, 142, 90, '', '', 0),
(1407, 22, 142, 73, '', '', 0),
(1408, 22, 142, 27, '', '', 0),
(1409, 22, 142, 31, '', '', 0),
(1410, 22, 142, 40, '', '', 0),
(1411, 22, 142, 41, '', '', 0),
(1412, 22, 142, 54, '', '', 0),
(1413, 22, 84, 22, '', '', 0),
(1414, 22, 84, 25, '', '', 0),
(1415, 22, 84, 4, '', '', 0),
(1416, 22, 143, 28, '', '', 0),
(1417, 22, 143, 80, '', '', 0),
(1418, 22, 143, 29, '', '', 0),
(1419, 22, 143, 78, '', '', 0),
(1420, 22, 143, 38, '', '', 0),
(1421, 22, 143, 79, '', '', 0),
(1422, 22, 143, 90, '', '', 0),
(1423, 22, 143, 92, '', '', 0),
(1424, 22, 143, 40, '', '', 0),
(1425, 22, 143, 41, '', '', 0),
(1426, 22, 143, 54, '', '', 0),
(1427, 22, 144, 78, '', '', 0),
(1428, 22, 144, 3, '', '', 0),
(1429, 22, 144, 31, '', '', 0),
(1430, 22, 144, 4, '', '', 0),
(1431, 22, 64, 3, '', '', 0),
(1432, 22, 64, 31, '', '', 0),
(1433, 22, 64, 54, '', '', 0),
(1434, 22, 64, 93, '', '', 0),
(1435, 22, 64, 74, '', '', 0),
(1436, 22, 64, 44, '', '', 0),
(1437, 22, 64, 4, '', '', 0),
(1438, 22, 55, 34, '', '', 0),
(1439, 22, 55, 26, '', '', 0),
(1440, 22, 55, 49, '', '', 0),
(1441, 22, 55, 4, '', '', 0),
(1442, 22, 74, 75, '', '', 0),
(1443, 22, 145, 44, '', '', 0),
(1444, 23, 133, 40, '', '', 0),
(1445, 23, 133, 41, '', '', 0),
(1446, 23, 134, 9, '', '', 0),
(1447, 23, 134, 38, '', '', 0),
(1448, 23, 135, 8, '', '', 0),
(1449, 23, 135, 10, '', '', 0),
(1450, 23, 135, 28, '', '', 0),
(1451, 23, 135, 80, '', '', 0),
(1452, 23, 135, 29, '', '', 0),
(1453, 23, 135, 78, '', '', 0),
(1454, 23, 135, 26, '', '', 0),
(1455, 23, 135, 38, '', '', 0),
(1456, 23, 135, 79, '', '', 0),
(1457, 23, 135, 90, '', '', 0),
(1458, 23, 135, 12, '', '', 0),
(1459, 23, 135, 11, '', '', 0),
(1460, 23, 135, 27, '', '', 0),
(1461, 23, 135, 31, '', '', 0),
(1462, 23, 135, 40, '', '', 0),
(1463, 23, 135, 41, '', '', 0),
(1464, 23, 135, 54, '', '', 0),
(1465, 23, 136, 8, '', '', 0),
(1466, 23, 136, 10, '', '', 0),
(1467, 23, 136, 28, '', '', 0),
(1468, 23, 136, 80, '', '', 0),
(1469, 23, 136, 29, '', '', 0),
(1470, 23, 136, 78, '', '', 0),
(1471, 23, 136, 26, '', '', 0),
(1472, 23, 136, 38, '', '', 0),
(1473, 23, 136, 79, '', '', 0),
(1474, 23, 136, 90, '', '', 0),
(1475, 23, 136, 12, '', '', 0),
(1476, 23, 136, 11, '', '', 0),
(1477, 23, 136, 27, '', '', 0),
(1478, 23, 136, 31, '', '', 0),
(1479, 23, 136, 40, '', '', 0),
(1480, 23, 136, 41, '', '', 0),
(1481, 23, 136, 54, '', '', 0),
(1482, 23, 137, 8, '', '', 0),
(1483, 23, 137, 10, '', '', 0),
(1484, 23, 137, 28, '', '', 0),
(1485, 23, 137, 80, '', '', 0),
(1486, 23, 137, 29, '', '', 0),
(1487, 23, 137, 78, '', '', 0),
(1488, 23, 137, 26, '', '', 0),
(1489, 23, 137, 38, '', '', 0),
(1490, 23, 137, 79, '', '', 0),
(1491, 23, 137, 90, '', '', 0),
(1492, 23, 137, 12, '', '', 0),
(1493, 23, 137, 11, '', '', 0),
(1494, 23, 137, 27, '', '', 0),
(1495, 23, 137, 31, '', '', 0),
(1496, 23, 137, 40, '', '', 0),
(1497, 23, 137, 41, '', '', 0),
(1498, 23, 137, 54, '', '', 0),
(1499, 23, 43, 22, '', '', 0),
(1500, 23, 43, 23, '', '', 0),
(1501, 23, 43, 24, '', '', 0),
(1502, 23, 43, 25, '', '', 0),
(1503, 23, 43, 4, '', '', 0),
(1504, 23, 138, 23, '', '', 0),
(1505, 23, 138, 3, '', '', 0),
(1506, 23, 138, 4, '', '', 0),
(1507, 23, 7, 60, '', '', 0),
(1508, 23, 51, 27, '', '', 0),
(1509, 23, 51, 31, '', '', 0),
(1510, 23, 51, 4, '', '', 0),
(1511, 23, 53, 34, '', '', 0),
(1512, 23, 53, 26, '', '', 0),
(1513, 23, 53, 49, '', '', 0),
(1514, 23, 53, 4, '', '', 0),
(1515, 23, 61, 91, '', '', 0),
(1516, 23, 32, 32, '', '', 0),
(1517, 23, 32, 28, '', '', 0),
(1518, 23, 32, 80, '', '', 0),
(1519, 23, 32, 29, '', '', 0),
(1520, 23, 32, 23, '', '', 0),
(1521, 23, 32, 27, '', '', 0),
(1522, 23, 32, 31, '', '', 0),
(1523, 23, 32, 54, '', '', 0),
(1524, 23, 31, 32, '', '', 0),
(1525, 23, 31, 28, '', '', 0),
(1526, 23, 31, 80, '', '', 0),
(1527, 23, 31, 29, '', '', 0),
(1528, 23, 31, 23, '', '', 0),
(1529, 23, 31, 27, '', '', 0),
(1530, 23, 31, 31, '', '', 0),
(1531, 23, 31, 54, '', '', 0),
(1532, 23, 33, 32, '', '', 0),
(1533, 23, 33, 28, '', '', 0),
(1534, 23, 33, 80, '', '', 0),
(1535, 23, 33, 29, '', '', 0),
(1536, 23, 33, 23, '', '', 0),
(1537, 23, 33, 27, '', '', 0),
(1538, 23, 33, 31, '', '', 0),
(1539, 23, 33, 54, '', '', 0),
(1540, 23, 95, 30, '', '', 0),
(1541, 23, 95, 23, '', '', 0),
(1542, 23, 95, 73, '', '', 0),
(1543, 23, 95, 60, '', '', 0),
(1544, 23, 95, 4, '', '', 0),
(1545, 23, 139, 26, '', '', 0),
(1546, 23, 139, 73, '', '', 0),
(1547, 23, 139, 27, '', '', 0),
(1548, 23, 139, 31, '', '', 0),
(1549, 23, 37, 34, '', '', 0),
(1550, 23, 37, 26, '', '', 0),
(1551, 23, 37, 49, '', '', 0),
(1552, 23, 37, 4, '', '', 0),
(1553, 23, 140, 28, '', '', 0),
(1554, 23, 140, 80, '', '', 0),
(1555, 23, 140, 29, '', '', 0),
(1556, 23, 140, 38, '', '', 0),
(1557, 23, 140, 90, '', '', 0),
(1558, 23, 140, 73, '', '', 0),
(1559, 23, 140, 27, '', '', 0),
(1560, 23, 140, 31, '', '', 0),
(1561, 23, 140, 40, '', '', 0),
(1562, 23, 140, 41, '', '', 0),
(1563, 23, 140, 54, '', '', 0),
(1564, 23, 141, 28, '', '', 0),
(1565, 23, 141, 80, '', '', 0),
(1566, 23, 141, 29, '', '', 0),
(1567, 23, 141, 38, '', '', 0),
(1568, 23, 141, 90, '', '', 0),
(1569, 23, 141, 73, '', '', 0),
(1570, 23, 141, 27, '', '', 0),
(1571, 23, 141, 31, '', '', 0),
(1572, 23, 141, 40, '', '', 0),
(1573, 23, 141, 41, '', '', 0),
(1574, 23, 141, 54, '', '', 0),
(1575, 23, 142, 28, '', '', 0),
(1576, 23, 142, 80, '', '', 0),
(1577, 23, 142, 29, '', '', 0),
(1578, 23, 142, 38, '', '', 0),
(1579, 23, 142, 90, '', '', 0),
(1580, 23, 142, 73, '', '', 0),
(1581, 23, 142, 27, '', '', 0),
(1582, 23, 142, 31, '', '', 0),
(1583, 23, 142, 40, '', '', 0),
(1584, 23, 142, 41, '', '', 0),
(1585, 23, 142, 54, '', '', 0),
(1586, 23, 84, 22, '', '', 0),
(1587, 23, 84, 25, '', '', 0),
(1588, 23, 84, 4, '', '', 0),
(1589, 23, 143, 28, '', '', 0),
(1590, 23, 143, 80, '', '', 0),
(1591, 23, 143, 29, '', '', 0),
(1592, 23, 143, 78, '', '', 0),
(1593, 23, 143, 38, '', '', 0),
(1594, 23, 143, 79, '', '', 0),
(1595, 23, 143, 90, '', '', 0),
(1596, 23, 143, 92, '', '', 0),
(1597, 23, 143, 40, '', '', 0),
(1598, 23, 143, 41, '', '', 0),
(1599, 23, 143, 54, '', '', 0),
(1600, 23, 144, 78, '', '', 0),
(1601, 23, 144, 3, '', '', 0),
(1602, 23, 144, 31, '', '', 0),
(1603, 23, 144, 4, '', '', 0),
(1604, 23, 64, 3, '', '', 0),
(1605, 23, 64, 31, '', '', 0),
(1606, 23, 64, 54, '', '', 0),
(1607, 23, 64, 93, '', '', 0),
(1608, 23, 64, 74, '', '', 0),
(1609, 23, 64, 44, '', '', 0),
(1610, 23, 64, 4, '', '', 0),
(1611, 23, 55, 34, '', '', 0),
(1612, 23, 55, 26, '', '', 0),
(1613, 23, 55, 49, '', '', 0),
(1614, 23, 55, 4, '', '', 0),
(1615, 23, 74, 75, '', '', 0),
(1616, 23, 145, 44, '', '', 0),
(1617, 24, 44, 47, '', '', 0),
(1618, 24, 44, 30, '', '', 0),
(1619, 24, 44, 94, '', '', 0),
(1620, 24, 44, 44, '', '', 0),
(1621, 24, 44, 4, '', '', 0),
(1622, 24, 120, 10, '', '', 0),
(1623, 24, 120, 28, '', '', 0),
(1624, 24, 120, 29, '', '', 0),
(1625, 24, 120, 12, '', '', 0),
(1626, 24, 120, 11, '', '', 0),
(1627, 24, 120, 40, '', '', 0),
(1628, 24, 120, 41, '', '', 0),
(1629, 24, 87, 10, '', '', 0),
(1630, 24, 87, 28, '', '', 0),
(1631, 24, 87, 29, '', '', 0),
(1632, 24, 87, 12, '', '', 0),
(1633, 24, 87, 11, '', '', 0),
(1634, 24, 87, 40, '', '', 0),
(1635, 24, 87, 41, '', '', 0),
(1636, 24, 121, 10, '', '', 0),
(1637, 24, 121, 28, '', '', 0),
(1638, 24, 121, 29, '', '', 0),
(1639, 24, 121, 12, '', '', 0),
(1640, 24, 121, 11, '', '', 0),
(1641, 24, 121, 40, '', '', 0),
(1642, 24, 121, 41, '', '', 0),
(1643, 24, 88, 32, '', '', 0),
(1644, 24, 88, 28, '', '', 0),
(1645, 24, 88, 29, '', '', 0),
(1646, 24, 88, 82, '', '', 0),
(1647, 24, 124, 32, '', '', 0),
(1648, 24, 124, 28, '', '', 0),
(1649, 24, 124, 29, '', '', 0),
(1650, 24, 124, 82, '', '', 0),
(1651, 24, 89, 32, '', '', 0),
(1652, 24, 89, 28, '', '', 0),
(1653, 24, 89, 29, '', '', 0),
(1654, 24, 89, 82, '', '', 0),
(1655, 24, 146, 95, '', '', 0),
(1656, 24, 146, 23, '', '', 0),
(1657, 24, 57, 78, '', '', 0),
(1658, 24, 57, 38, '', '', 0),
(1659, 24, 57, 79, '', '', 0),
(1660, 24, 57, 31, '', '', 0),
(1661, 24, 57, 40, '', '', 0),
(1662, 24, 57, 41, '', '', 0),
(1663, 24, 57, 54, '', '', 0),
(1664, 24, 7, 59, '', '', 0),
(1665, 24, 7, 30, '', '', 0),
(1666, 24, 7, 60, '', '', 0),
(1667, 24, 7, 83, '', '', 0),
(1668, 24, 7, 4, '', '', 0),
(1669, 24, 7, 84, '', '', 0),
(1670, 24, 147, 73, '', '', 0),
(1671, 24, 18, 32, '', '', 0),
(1672, 24, 18, 34, '', '', 0),
(1673, 24, 18, 26, '', '', 0),
(1674, 24, 18, 79, '', '', 0),
(1675, 24, 18, 27, '', '', 0),
(1676, 24, 18, 4, '', '', 0),
(1677, 24, 98, 26, '', '', 0),
(1678, 24, 98, 4, '', '', 0),
(1679, 24, 100, 23, '', '', 0),
(1680, 24, 100, 73, '', '', 0),
(1681, 24, 100, 60, '', '', 0),
(1682, 24, 100, 86, '', '', 0),
(1683, 24, 100, 44, '', '', 0),
(1684, 24, 100, 4, '', '', 0),
(1685, 24, 148, 85, '', '', 0),
(1686, 24, 148, 3, '', '', 0),
(1687, 24, 148, 44, '', '', 0),
(1688, 24, 127, 30, '', '', 0),
(1689, 24, 127, 3, '', '', 0),
(1690, 24, 127, 4, '', '', 0),
(1691, 24, 128, 30, '', '', 0),
(1692, 24, 128, 31, '', '', 0),
(1693, 24, 128, 4, '', '', 0),
(1694, 24, 129, 30, '', '', 0),
(1695, 24, 129, 4, '', '', 0),
(1696, 24, 149, 59, '', '', 0),
(1697, 24, 149, 73, '', '', 0),
(1698, 24, 149, 60, '', '', 0),
(1699, 24, 149, 44, '', '', 0),
(1700, 24, 149, 4, '', '', 0),
(1701, 24, 21, 26, '', '', 0),
(1702, 24, 21, 4, '', '', 0),
(1703, 24, 22, 26, '', '', 0),
(1704, 24, 22, 31, '', '', 0),
(1705, 24, 22, 4, '', '', 0),
(1706, 24, 23, 26, '', '', 0),
(1707, 24, 23, 4, '', '', 0),
(1708, 24, 106, 38, '', '', 0),
(1709, 24, 106, 3, '', '', 0),
(1710, 24, 106, 31, '', '', 0),
(1711, 24, 107, 26, '', '', 0),
(1712, 24, 107, 27, '', '', 0),
(1713, 24, 107, 4, '', '', 0),
(1714, 25, 85, 3, '', '', 0),
(1715, 25, 85, 73, '', '', 0),
(1716, 25, 85, 44, '', '', 0),
(1717, 25, 85, 4, '', '', 0),
(1718, 25, 30, 9, '', '', 0),
(1719, 25, 30, 22, '', '', 0),
(1720, 25, 30, 23, '', '', 0),
(1721, 25, 30, 14, '', '', 0),
(1722, 25, 30, 25, '', '', 0),
(1723, 25, 120, 10, '', '', 0),
(1724, 25, 120, 28, '', '', 0),
(1725, 25, 120, 29, '', '', 0),
(1726, 25, 120, 12, '', '', 0),
(1727, 25, 120, 11, '', '', 0),
(1728, 25, 120, 40, '', '', 0),
(1729, 25, 120, 41, '', '', 0),
(1730, 25, 87, 10, '', '', 0),
(1731, 25, 87, 28, '', '', 0),
(1732, 25, 87, 29, '', '', 0),
(1733, 25, 87, 12, '', '', 0),
(1734, 25, 87, 11, '', '', 0),
(1735, 25, 87, 40, '', '', 0),
(1736, 25, 87, 41, '', '', 0),
(1737, 25, 121, 10, '', '', 0),
(1738, 25, 121, 28, '', '', 0),
(1739, 25, 121, 29, '', '', 0),
(1740, 25, 121, 12, '', '', 0),
(1741, 25, 121, 11, '', '', 0),
(1742, 25, 121, 40, '', '', 0),
(1743, 25, 121, 41, '', '', 0),
(1744, 25, 88, 32, '', '', 0),
(1745, 25, 88, 28, '', '', 0),
(1746, 25, 88, 29, '', '', 0),
(1747, 25, 88, 82, '', '', 0),
(1748, 25, 124, 32, '', '', 0),
(1749, 25, 124, 28, '', '', 0),
(1750, 25, 124, 29, '', '', 0),
(1751, 25, 124, 82, '', '', 0),
(1752, 25, 89, 32, '', '', 0),
(1753, 25, 89, 28, '', '', 0),
(1754, 25, 89, 29, '', '', 0),
(1755, 25, 89, 82, '', '', 0),
(1756, 25, 7, 59, '', '', 0),
(1757, 25, 7, 30, '', '', 0),
(1758, 25, 7, 60, '', '', 0),
(1759, 25, 7, 83, '', '', 0),
(1760, 25, 7, 4, '', '', 0);
INSERT INTO `dt_join` (`id`, `location_id`, `element_id`, `defect_id`, `flags`, `etag`, `deleted`) VALUES
(1761, 25, 7, 84, '', '', 0),
(1762, 25, 125, 3, '', '', 0),
(1763, 25, 125, 44, '', '', 0),
(1764, 25, 125, 4, '', '', 0),
(1765, 25, 95, 30, '', '', 0),
(1766, 25, 95, 23, '', '', 0),
(1767, 25, 95, 73, '', '', 0),
(1768, 25, 95, 60, '', '', 0),
(1769, 25, 95, 61, '', '', 0),
(1770, 25, 95, 4, '', '', 0),
(1771, 25, 97, 3, '', '', 0),
(1772, 25, 97, 60, '', '', 0),
(1773, 25, 97, 54, '', '', 0),
(1774, 25, 97, 44, '', '', 0),
(1775, 25, 97, 4, '', '', 0),
(1776, 25, 126, 60, '', '', 0),
(1777, 25, 126, 44, '', '', 0),
(1778, 25, 18, 34, '', '', 0),
(1779, 25, 18, 26, '', '', 0),
(1780, 25, 18, 79, '', '', 0),
(1781, 25, 18, 27, '', '', 0),
(1782, 25, 18, 4, '', '', 0),
(1783, 25, 98, 26, '', '', 0),
(1784, 25, 98, 4, '', '', 0),
(1785, 25, 100, 23, '', '', 0),
(1786, 25, 100, 73, '', '', 0),
(1787, 25, 100, 60, '', '', 0),
(1788, 25, 100, 86, '', '', 0),
(1789, 25, 100, 44, '', '', 0),
(1790, 25, 100, 4, '', '', 0),
(1791, 25, 127, 30, '', '', 0),
(1792, 25, 127, 3, '', '', 0),
(1793, 25, 127, 4, '', '', 0),
(1794, 25, 128, 30, '', '', 0),
(1795, 25, 128, 31, '', '', 0),
(1796, 25, 128, 4, '', '', 0),
(1797, 25, 129, 30, '', '', 0),
(1798, 25, 129, 4, '', '', 0),
(1799, 25, 64, 3, '', '', 0),
(1800, 25, 64, 60, '', '', 0),
(1801, 25, 64, 54, '', '', 0),
(1802, 25, 64, 44, '', '', 0),
(1803, 25, 64, 4, '', '', 0),
(1804, 25, 21, 26, '', '', 0),
(1805, 25, 21, 4, '', '', 0),
(1806, 25, 22, 26, '', '', 0),
(1807, 25, 22, 31, '', '', 0),
(1808, 25, 22, 4, '', '', 0),
(1809, 25, 23, 26, '', '', 0),
(1810, 25, 23, 4, '', '', 0),
(1811, 25, 106, 38, '', '', 0),
(1812, 25, 106, 31, '', '', 0),
(1813, 25, 107, 26, '', '', 0),
(1814, 25, 107, 27, '', '', 0),
(1815, 25, 107, 4, '', '', 0),
(1816, 25, 110, 26, '', '', 0),
(1817, 25, 110, 23, '', '', 0),
(1818, 25, 110, 73, '', '', 0),
(1819, 25, 110, 61, '', '', 0),
(1820, 25, 110, 4, '', '', 0),
(1821, 26, 30, 22, '', '', 0),
(1822, 26, 30, 23, '', '', 0),
(1823, 26, 30, 60, '', '', 0),
(1824, 26, 30, 14, '', '', 0),
(1825, 26, 120, 10, '', '', 0),
(1826, 26, 120, 28, '', '', 0),
(1827, 26, 120, 29, '', '', 0),
(1828, 26, 120, 12, '', '', 0),
(1829, 26, 120, 11, '', '', 0),
(1830, 26, 120, 40, '', '', 0),
(1831, 26, 120, 41, '', '', 0),
(1832, 26, 87, 10, '', '', 0),
(1833, 26, 87, 28, '', '', 0),
(1834, 26, 87, 29, '', '', 0),
(1835, 26, 87, 12, '', '', 0),
(1836, 26, 87, 11, '', '', 0),
(1837, 26, 87, 40, '', '', 0),
(1838, 26, 87, 41, '', '', 0),
(1839, 26, 121, 10, '', '', 0),
(1840, 26, 121, 28, '', '', 0),
(1841, 26, 121, 29, '', '', 0),
(1842, 26, 121, 12, '', '', 0),
(1843, 26, 121, 11, '', '', 0),
(1844, 26, 121, 40, '', '', 0),
(1845, 26, 121, 41, '', '', 0),
(1846, 26, 88, 32, '', '', 0),
(1847, 26, 88, 28, '', '', 0),
(1848, 26, 88, 29, '', '', 0),
(1849, 26, 88, 82, '', '', 0),
(1850, 26, 124, 32, '', '', 0),
(1851, 26, 124, 28, '', '', 0),
(1852, 26, 124, 29, '', '', 0),
(1853, 26, 124, 82, '', '', 0),
(1854, 26, 89, 32, '', '', 0),
(1855, 26, 89, 28, '', '', 0),
(1856, 26, 89, 29, '', '', 0),
(1857, 26, 89, 82, '', '', 0),
(1858, 26, 8, 23, '', '', 0),
(1859, 26, 8, 73, '', '', 0),
(1860, 26, 8, 60, '', '', 0),
(1861, 26, 8, 4, '', '', 0),
(1862, 26, 94, 23, '', '', 0),
(1863, 26, 94, 73, '', '', 0),
(1864, 26, 94, 44, '', '', 0),
(1865, 26, 18, 26, '', '', 0),
(1866, 26, 18, 27, '', '', 0),
(1867, 26, 18, 4, '', '', 0),
(1868, 26, 100, 23, '', '', 0),
(1869, 26, 100, 73, '', '', 0),
(1870, 26, 100, 60, '', '', 0),
(1871, 26, 100, 44, '', '', 0),
(1872, 26, 100, 4, '', '', 0),
(1873, 26, 123, 26, '', '', 0),
(1874, 26, 107, 26, '', '', 0),
(1875, 26, 107, 4, '', '', 0),
(1876, 26, 74, 23, '', '', 0),
(1877, 26, 74, 73, '', '', 0),
(1878, 26, 74, 60, '', '', 0),
(1879, 26, 74, 4, '', '', 0),
(1880, 27, 30, 9, '', '', 0),
(1881, 27, 30, 22, '', '', 0),
(1882, 27, 30, 23, '', '', 0),
(1883, 27, 30, 14, '', '', 0),
(1884, 27, 30, 25, '', '', 0),
(1885, 27, 120, 10, '', '', 0),
(1886, 27, 120, 28, '', '', 0),
(1887, 27, 120, 29, '', '', 0),
(1888, 27, 120, 12, '', '', 0),
(1889, 27, 120, 11, '', '', 0),
(1890, 27, 120, 40, '', '', 0),
(1891, 27, 120, 41, '', '', 0),
(1892, 27, 87, 10, '', '', 0),
(1893, 27, 87, 28, '', '', 0),
(1894, 27, 87, 29, '', '', 0),
(1895, 27, 87, 12, '', '', 0),
(1896, 27, 87, 11, '', '', 0),
(1897, 27, 87, 40, '', '', 0),
(1898, 27, 87, 41, '', '', 0),
(1899, 27, 121, 10, '', '', 0),
(1900, 27, 121, 28, '', '', 0),
(1901, 27, 121, 29, '', '', 0),
(1902, 27, 121, 12, '', '', 0),
(1903, 27, 121, 11, '', '', 0),
(1904, 27, 121, 40, '', '', 0),
(1905, 27, 121, 41, '', '', 0),
(1906, 27, 88, 32, '', '', 0),
(1907, 27, 88, 28, '', '', 0),
(1908, 27, 88, 29, '', '', 0),
(1909, 27, 88, 82, '', '', 0),
(1910, 27, 124, 32, '', '', 0),
(1911, 27, 124, 28, '', '', 0),
(1912, 27, 124, 29, '', '', 0),
(1913, 27, 124, 82, '', '', 0),
(1914, 27, 89, 32, '', '', 0),
(1915, 27, 89, 28, '', '', 0),
(1916, 27, 89, 29, '', '', 0),
(1917, 27, 89, 82, '', '', 0),
(1918, 27, 7, 59, '', '', 0),
(1919, 27, 7, 30, '', '', 0),
(1920, 27, 7, 60, '', '', 0),
(1921, 27, 7, 83, '', '', 0),
(1922, 27, 7, 4, '', '', 0),
(1923, 27, 7, 84, '', '', 0),
(1924, 27, 8, 23, '', '', 0),
(1925, 27, 8, 4, '', '', 0),
(1926, 27, 94, 23, '', '', 0),
(1927, 27, 94, 73, '', '', 0),
(1928, 27, 94, 44, '', '', 0),
(1929, 27, 130, 22, '', '', 0),
(1930, 27, 130, 57, '', '', 0),
(1931, 27, 130, 30, '', '', 0),
(1932, 27, 130, 88, '', '', 0),
(1933, 27, 130, 73, '', '', 0),
(1934, 27, 130, 4, '', '', 0),
(1935, 27, 95, 30, '', '', 0),
(1936, 27, 95, 23, '', '', 0),
(1937, 27, 95, 73, '', '', 0),
(1938, 27, 95, 61, '', '', 0),
(1939, 27, 95, 44, '', '', 0),
(1940, 27, 95, 4, '', '', 0),
(1941, 27, 97, 3, '', '', 0),
(1942, 27, 97, 60, '', '', 0),
(1943, 27, 97, 54, '', '', 0),
(1944, 27, 97, 44, '', '', 0),
(1945, 27, 97, 4, '', '', 0),
(1946, 27, 18, 34, '', '', 0),
(1947, 27, 18, 26, '', '', 0),
(1948, 27, 18, 79, '', '', 0),
(1949, 27, 18, 27, '', '', 0),
(1950, 27, 18, 4, '', '', 0),
(1951, 27, 98, 26, '', '', 0),
(1952, 27, 98, 4, '', '', 0),
(1953, 27, 100, 23, '', '', 0),
(1954, 27, 100, 73, '', '', 0),
(1955, 27, 100, 60, '', '', 0),
(1956, 27, 100, 86, '', '', 0),
(1957, 27, 100, 44, '', '', 0),
(1958, 27, 100, 4, '', '', 0),
(1959, 27, 64, 3, '', '', 0),
(1960, 27, 64, 60, '', '', 0),
(1961, 27, 64, 54, '', '', 0),
(1962, 27, 64, 44, '', '', 0),
(1963, 27, 64, 4, '', '', 0),
(1964, 27, 73, 23, '', '', 0),
(1965, 27, 73, 60, '', '', 0),
(1966, 27, 73, 44, '', '', 0),
(1967, 27, 21, 26, '', '', 0),
(1968, 27, 21, 4, '', '', 0),
(1969, 27, 22, 26, '', '', 0),
(1970, 27, 22, 31, '', '', 0),
(1971, 27, 22, 4, '', '', 0),
(1972, 27, 23, 26, '', '', 0),
(1973, 27, 23, 4, '', '', 0),
(1974, 27, 107, 26, '', '', 0),
(1975, 27, 107, 27, '', '', 0),
(1976, 27, 107, 4, '', '', 0),
(1977, 27, 108, 26, '', '', 0),
(1978, 27, 108, 4, '', '', 0),
(1979, 27, 109, 3, '', '', 0),
(1980, 27, 109, 4, '', '', 0),
(1981, 27, 74, 23, '', '', 0),
(1982, 27, 74, 73, '', '', 0),
(1983, 27, 74, 60, '', '', 0),
(1984, 27, 74, 4, '', '', 0),
(1985, 28, 122, 31, '', '', 0),
(1986, 28, 30, 9, '', '', 0),
(1987, 28, 30, 22, '', '', 0),
(1988, 28, 30, 23, '', '', 0),
(1989, 28, 30, 14, '', '', 0),
(1990, 28, 30, 25, '', '', 0),
(1991, 28, 30, 96, '', '', 0),
(1992, 28, 8, 23, '', '', 0),
(1993, 28, 8, 73, '', '', 0),
(1994, 28, 8, 60, '', '', 0),
(1995, 28, 8, 4, '', '', 0),
(1996, 28, 94, 23, '', '', 0),
(1997, 28, 94, 73, '', '', 0),
(1998, 28, 94, 44, '', '', 0),
(1999, 28, 150, 38, '', '', 0),
(2000, 28, 150, 3, '', '', 0),
(2001, 28, 150, 4, '', '', 0),
(2002, 28, 100, 23, '', '', 0),
(2003, 28, 100, 73, '', '', 0),
(2004, 28, 100, 60, '', '', 0),
(2005, 28, 100, 44, '', '', 0),
(2006, 28, 100, 4, '', '', 0),
(2007, 28, 123, 26, '', '', 0),
(2008, 28, 74, 23, '', '', 0),
(2009, 28, 74, 73, '', '', 0),
(2010, 28, 74, 60, '', '', 0),
(2011, 28, 74, 4, '', '', 0),
(2012, 29, 122, 31, '', '', 0),
(2013, 29, 120, 10, '', '', 0),
(2014, 29, 120, 12, '', '', 0),
(2015, 29, 120, 11, '', '', 0),
(2016, 29, 120, 40, '', '', 0),
(2017, 29, 120, 41, '', '', 0),
(2018, 29, 87, 10, '', '', 0),
(2019, 29, 87, 12, '', '', 0),
(2020, 29, 87, 11, '', '', 0),
(2021, 29, 87, 40, '', '', 0),
(2022, 29, 87, 41, '', '', 0),
(2023, 29, 121, 10, '', '', 0),
(2024, 29, 121, 12, '', '', 0),
(2025, 29, 121, 11, '', '', 0),
(2026, 29, 121, 40, '', '', 0),
(2027, 29, 121, 41, '', '', 0),
(2028, 29, 88, 32, '', '', 0),
(2029, 29, 124, 32, '', '', 0),
(2030, 29, 89, 32, '', '', 0),
(2031, 29, 7, 45, '', '', 0),
(2032, 29, 7, 30, '', '', 0),
(2033, 29, 7, 60, '', '', 0),
(2034, 29, 7, 83, '', '', 0),
(2035, 29, 7, 4, '', '', 0),
(2036, 29, 8, 23, '', '', 0),
(2037, 29, 8, 4, '', '', 0),
(2038, 29, 77, 9, '', '', 0),
(2039, 29, 77, 45, '', '', 0),
(2040, 29, 77, 59, '', '', 0),
(2041, 29, 77, 30, '', '', 0),
(2042, 29, 77, 60, '', '', 0),
(2043, 29, 77, 84, '', '', 0),
(2044, 29, 94, 23, '', '', 0),
(2045, 29, 94, 73, '', '', 0),
(2046, 29, 94, 44, '', '', 0),
(2047, 29, 18, 34, '', '', 0),
(2048, 29, 18, 26, '', '', 0),
(2049, 29, 18, 79, '', '', 0),
(2050, 29, 18, 27, '', '', 0),
(2051, 29, 18, 4, '', '', 0),
(2052, 29, 98, 26, '', '', 0),
(2053, 29, 98, 4, '', '', 0),
(2054, 29, 21, 26, '', '', 0),
(2055, 29, 21, 4, '', '', 0),
(2056, 29, 22, 26, '', '', 0),
(2057, 29, 22, 31, '', '', 0),
(2058, 29, 22, 4, '', '', 0),
(2059, 29, 23, 26, '', '', 0),
(2060, 29, 23, 4, '', '', 0),
(2061, 29, 107, 26, '', '', 0),
(2062, 29, 107, 27, '', '', 0),
(2063, 29, 107, 4, '', '', 0),
(2064, 29, 74, 23, '', '', 0),
(2065, 29, 74, 4, '', '', 0),
(2066, 30, 44, 22, '', '', 0),
(2067, 30, 44, 46, '', '', 0),
(2068, 30, 44, 76, '', '', 0),
(2069, 30, 44, 44, '', '', 0),
(2070, 30, 44, 4, '', '', 0),
(2071, 30, 40, 63, '', '', 0),
(2072, 30, 40, 29, '', '', 0),
(2073, 30, 40, 38, '', '', 0),
(2074, 30, 40, 40, '', '', 0),
(2075, 30, 40, 41, '', '', 0),
(2076, 30, 35, 63, '', '', 0),
(2077, 30, 35, 29, '', '', 0),
(2078, 30, 35, 38, '', '', 0),
(2079, 30, 35, 40, '', '', 0),
(2080, 30, 35, 41, '', '', 0),
(2081, 30, 41, 63, '', '', 0),
(2082, 30, 41, 29, '', '', 0),
(2083, 30, 41, 38, '', '', 0),
(2084, 30, 41, 40, '', '', 0),
(2085, 30, 41, 41, '', '', 0),
(2086, 30, 7, 46, '', '', 0),
(2087, 30, 7, 30, '', '', 0),
(2088, 30, 7, 3, '', '', 0),
(2089, 30, 7, 44, '', '', 0),
(2090, 30, 7, 4, '', '', 0),
(2091, 30, 125, 44, '', '', 0),
(2092, 30, 32, 32, '', '', 0),
(2093, 30, 31, 32, '', '', 0),
(2094, 30, 33, 32, '', '', 0),
(2095, 30, 18, 35, '', '', 0),
(2096, 30, 18, 49, '', '', 0),
(2097, 30, 18, 58, '', '', 0),
(2098, 30, 18, 42, '', '', 0),
(2099, 30, 18, 4, '', '', 0),
(2100, 30, 100, 4, '', '', 0),
(2101, 30, 123, 1, '', '', 0),
(2102, 30, 123, 33, '', '', 0),
(2103, 30, 123, 34, '', '', 0),
(2104, 30, 123, 35, '', '', 0),
(2105, 30, 123, 49, '', '', 0),
(2106, 30, 123, 4, '', '', 0),
(2107, 30, 107, 1, '', '', 0),
(2108, 30, 107, 63, '', '', 0),
(2109, 30, 107, 34, '', '', 0),
(2110, 30, 107, 35, '', '', 0),
(2111, 30, 107, 58, '', '', 0),
(2112, 30, 107, 42, '', '', 0),
(2113, 30, 107, 4, '', '', 0),
(2114, 31, 30, 10, '', '', 0),
(2115, 31, 30, 25, '', '', 0),
(2116, 31, 151, 49, '', '', 0),
(2117, 31, 151, 2, '', '', 0),
(2118, 31, 151, 3, '', '', 0),
(2119, 31, 152, 73, '', '', 0),
(2120, 31, 152, 40, '', '', 0),
(2121, 31, 152, 41, '', '', 0),
(2122, 31, 152, 4, '', '', 0),
(2123, 32, 153, 79, '', '', 0),
(2124, 32, 153, 25, '', '', 0),
(2125, 33, 30, 36, '', '', 0),
(2126, 33, 30, 2, '', '', 0),
(2127, 34, 30, 9, '', '', 0),
(2128, 34, 30, 22, '', '', 0),
(2129, 34, 30, 23, '', '', 0),
(2130, 34, 30, 14, '', '', 0),
(2131, 34, 30, 25, '', '', 0),
(2132, 34, 34, 27, '', '', 0),
(2133, 34, 34, 31, '', '', 0),
(2134, 34, 34, 4, '', '', 0),
(2135, 34, 135, 10, '', '', 0),
(2136, 34, 135, 28, '', '', 0),
(2137, 34, 135, 29, '', '', 0),
(2138, 34, 135, 12, '', '', 0),
(2139, 34, 135, 11, '', '', 0),
(2140, 34, 135, 31, '', '', 0),
(2141, 34, 135, 40, '', '', 0),
(2142, 34, 135, 41, '', '', 0),
(2143, 34, 136, 10, '', '', 0),
(2144, 34, 136, 28, '', '', 0),
(2145, 34, 136, 29, '', '', 0),
(2146, 34, 136, 12, '', '', 0),
(2147, 34, 136, 11, '', '', 0),
(2148, 34, 136, 31, '', '', 0),
(2149, 34, 136, 40, '', '', 0),
(2150, 34, 136, 41, '', '', 0),
(2151, 34, 137, 10, '', '', 0),
(2152, 34, 137, 28, '', '', 0),
(2153, 34, 137, 29, '', '', 0),
(2154, 34, 137, 12, '', '', 0),
(2155, 34, 137, 11, '', '', 0),
(2156, 34, 137, 31, '', '', 0),
(2157, 34, 137, 40, '', '', 0),
(2158, 34, 137, 41, '', '', 0),
(2159, 34, 154, 97, '', '', 0),
(2160, 34, 154, 32, '', '', 0),
(2161, 34, 154, 98, '', '', 0),
(2162, 34, 154, 23, '', '', 0),
(2163, 34, 154, 31, '', '', 0),
(2164, 34, 154, 54, '', '', 0),
(2165, 34, 155, 97, '', '', 0),
(2166, 34, 155, 32, '', '', 0),
(2167, 34, 155, 98, '', '', 0),
(2168, 34, 155, 23, '', '', 0),
(2169, 34, 155, 31, '', '', 0),
(2170, 34, 155, 54, '', '', 0),
(2171, 34, 156, 97, '', '', 0),
(2172, 34, 156, 32, '', '', 0),
(2173, 34, 156, 98, '', '', 0),
(2174, 34, 156, 23, '', '', 0),
(2175, 34, 156, 31, '', '', 0),
(2176, 34, 156, 54, '', '', 0),
(2177, 34, 157, 28, '', '', 0),
(2178, 34, 157, 29, '', '', 0),
(2179, 34, 157, 31, '', '', 0),
(2180, 34, 157, 54, '', '', 0),
(2181, 34, 158, 28, '', '', 0),
(2182, 34, 158, 29, '', '', 0),
(2183, 34, 158, 31, '', '', 0),
(2184, 34, 158, 54, '', '', 0),
(2185, 34, 159, 28, '', '', 0),
(2186, 34, 159, 29, '', '', 0),
(2187, 34, 159, 31, '', '', 0),
(2188, 34, 159, 54, '', '', 0),
(2189, 34, 36, 26, '', '', 0),
(2190, 34, 36, 23, '', '', 0),
(2191, 34, 36, 4, '', '', 0),
(2192, 34, 160, 26, '', '', 0),
(2193, 34, 160, 4, '', '', 0),
(2194, 34, 43, 22, '', '', 0),
(2195, 34, 43, 23, '', '', 0),
(2196, 34, 43, 24, '', '', 0),
(2197, 34, 43, 4, '', '', 0),
(2198, 34, 52, 26, '', '', 0),
(2199, 34, 52, 23, '', '', 0),
(2200, 34, 52, 3, '', '', 0),
(2201, 34, 52, 4, '', '', 0),
(2202, 34, 7, 30, '', '', 0),
(2203, 34, 7, 60, '', '', 0),
(2204, 34, 7, 83, '', '', 0),
(2205, 34, 7, 4, '', '', 0),
(2206, 34, 7, 84, '', '', 0),
(2207, 34, 8, 23, '', '', 0),
(2208, 34, 8, 73, '', '', 0),
(2209, 34, 8, 60, '', '', 0),
(2210, 34, 8, 4, '', '', 0),
(2211, 34, 95, 30, '', '', 0),
(2212, 34, 95, 23, '', '', 0),
(2213, 34, 95, 73, '', '', 0),
(2214, 34, 95, 60, '', '', 0),
(2215, 34, 95, 61, '', '', 0),
(2216, 34, 95, 4, '', '', 0),
(2217, 34, 18, 26, '', '', 0),
(2218, 34, 18, 79, '', '', 0),
(2219, 34, 18, 27, '', '', 0),
(2220, 34, 18, 4, '', '', 0),
(2221, 34, 100, 23, '', '', 0),
(2222, 34, 100, 73, '', '', 0),
(2223, 34, 100, 60, '', '', 0),
(2224, 34, 100, 44, '', '', 0),
(2225, 34, 100, 4, '', '', 0),
(2226, 34, 84, 22, '', '', 0),
(2227, 34, 84, 4, '', '', 0),
(2228, 34, 21, 26, '', '', 0),
(2229, 34, 21, 4, '', '', 0),
(2230, 34, 22, 26, '', '', 0),
(2231, 34, 22, 31, '', '', 0),
(2232, 34, 22, 4, '', '', 0),
(2233, 34, 23, 26, '', '', 0),
(2234, 34, 23, 4, '', '', 0),
(2235, 34, 161, 31, '', '', 0),
(2236, 34, 161, 40, '', '', 0),
(2237, 34, 161, 41, '', '', 0),
(2238, 34, 161, 54, '', '', 0),
(2239, 34, 162, 31, '', '', 0),
(2240, 34, 162, 40, '', '', 0),
(2241, 34, 162, 41, '', '', 0),
(2242, 34, 162, 54, '', '', 0),
(2243, 34, 163, 31, '', '', 0),
(2244, 34, 163, 40, '', '', 0),
(2245, 34, 163, 41, '', '', 0),
(2246, 34, 163, 54, '', '', 0),
(2247, 34, 107, 26, '', '', 0),
(2248, 34, 107, 27, '', '', 0),
(2249, 34, 107, 4, '', '', 0),
(2250, 34, 74, 23, '', '', 0),
(2251, 34, 74, 73, '', '', 0),
(2252, 34, 74, 60, '', '', 0),
(2253, 34, 74, 4, '', '', 0),
(2254, 35, 30, 22, '', '', 0),
(2255, 35, 30, 23, '', '', 0),
(2256, 35, 30, 14, '', '', 0),
(2257, 35, 30, 25, '', '', 0),
(2258, 35, 120, 10, '', '', 0),
(2259, 35, 120, 28, '', '', 0),
(2260, 35, 120, 29, '', '', 0),
(2261, 35, 120, 12, '', '', 0),
(2262, 35, 120, 11, '', '', 0),
(2263, 35, 120, 40, '', '', 0),
(2264, 35, 120, 41, '', '', 0),
(2265, 35, 87, 10, '', '', 0),
(2266, 35, 87, 28, '', '', 0),
(2267, 35, 87, 29, '', '', 0),
(2268, 35, 87, 12, '', '', 0),
(2269, 35, 87, 11, '', '', 0),
(2270, 35, 87, 40, '', '', 0),
(2271, 35, 87, 41, '', '', 0),
(2272, 35, 121, 10, '', '', 0),
(2273, 35, 121, 28, '', '', 0),
(2274, 35, 121, 29, '', '', 0),
(2275, 35, 121, 12, '', '', 0),
(2276, 35, 121, 11, '', '', 0),
(2277, 35, 121, 40, '', '', 0),
(2278, 35, 121, 41, '', '', 0),
(2279, 35, 88, 32, '', '', 0),
(2280, 35, 88, 28, '', '', 0),
(2281, 35, 88, 29, '', '', 0),
(2282, 35, 88, 82, '', '', 0),
(2283, 35, 124, 32, '', '', 0),
(2284, 35, 124, 28, '', '', 0),
(2285, 35, 124, 29, '', '', 0),
(2286, 35, 124, 82, '', '', 0),
(2287, 35, 89, 32, '', '', 0),
(2288, 35, 89, 28, '', '', 0),
(2289, 35, 89, 29, '', '', 0),
(2290, 35, 89, 82, '', '', 0),
(2291, 35, 7, 59, '', '', 0),
(2292, 35, 7, 30, '', '', 0),
(2293, 35, 7, 60, '', '', 0),
(2294, 35, 7, 83, '', '', 0),
(2295, 35, 7, 4, '', '', 0),
(2296, 35, 7, 84, '', '', 0),
(2297, 35, 95, 30, '', '', 0),
(2298, 35, 95, 23, '', '', 0),
(2299, 35, 95, 73, '', '', 0),
(2300, 35, 95, 60, '', '', 0),
(2301, 35, 95, 61, '', '', 0),
(2302, 35, 95, 4, '', '', 0),
(2303, 35, 18, 34, '', '', 0),
(2304, 35, 18, 26, '', '', 0),
(2305, 35, 18, 79, '', '', 0),
(2306, 35, 18, 27, '', '', 0),
(2307, 35, 18, 4, '', '', 0),
(2308, 35, 98, 26, '', '', 0),
(2309, 35, 98, 4, '', '', 0),
(2310, 35, 100, 23, '', '', 0),
(2311, 35, 100, 73, '', '', 0),
(2312, 35, 100, 60, '', '', 0),
(2313, 35, 100, 86, '', '', 0),
(2314, 35, 100, 44, '', '', 0),
(2315, 35, 100, 4, '', '', 0),
(2316, 35, 21, 26, '', '', 0),
(2317, 35, 21, 4, '', '', 0),
(2318, 35, 22, 26, '', '', 0),
(2319, 35, 22, 31, '', '', 0),
(2320, 35, 22, 4, '', '', 0),
(2321, 35, 23, 26, '', '', 0),
(2322, 35, 23, 4, '', '', 0),
(2323, 35, 107, 26, '', '', 0),
(2324, 35, 107, 27, '', '', 0),
(2325, 35, 107, 4, '', '', 0),
(2326, 35, 110, 26, '', '', 0),
(2327, 35, 110, 23, '', '', 0),
(2328, 35, 110, 73, '', '', 0),
(2329, 35, 110, 61, '', '', 0),
(2330, 35, 110, 4, '', '', 0),
(2331, 36, 164, 22, '', '', 0),
(2332, 36, 164, 79, '', '', 0),
(2333, 36, 164, 25, '', '', 0),
(2334, 37, 85, 3, '', '', 0),
(2335, 37, 85, 73, '', '', 0),
(2336, 37, 85, 44, '', '', 0),
(2337, 37, 85, 4, '', '', 0),
(2338, 37, 30, 9, '', '', 0),
(2339, 37, 30, 22, '', '', 0),
(2340, 37, 30, 23, '', '', 0),
(2341, 37, 30, 14, '', '', 0),
(2342, 37, 30, 25, '', '', 0),
(2343, 37, 120, 10, '', '', 0),
(2344, 37, 120, 12, '', '', 0),
(2345, 37, 120, 11, '', '', 0),
(2346, 37, 120, 40, '', '', 0),
(2347, 37, 120, 41, '', '', 0),
(2348, 37, 87, 10, '', '', 0),
(2349, 37, 87, 12, '', '', 0),
(2350, 37, 87, 11, '', '', 0),
(2351, 37, 87, 40, '', '', 0),
(2352, 37, 87, 41, '', '', 0),
(2353, 37, 121, 10, '', '', 0),
(2354, 37, 121, 12, '', '', 0),
(2355, 37, 121, 11, '', '', 0),
(2356, 37, 121, 40, '', '', 0),
(2357, 37, 121, 41, '', '', 0),
(2358, 37, 88, 32, '', '', 0),
(2359, 37, 88, 28, '', '', 0),
(2360, 37, 88, 29, '', '', 0),
(2361, 37, 88, 82, '', '', 0),
(2362, 37, 124, 32, '', '', 0),
(2363, 37, 124, 28, '', '', 0),
(2364, 37, 124, 29, '', '', 0),
(2365, 37, 124, 82, '', '', 0),
(2366, 37, 89, 32, '', '', 0),
(2367, 37, 89, 28, '', '', 0),
(2368, 37, 89, 29, '', '', 0),
(2369, 37, 89, 82, '', '', 0),
(2370, 37, 7, 59, '', '', 0),
(2371, 37, 7, 30, '', '', 0),
(2372, 37, 7, 60, '', '', 0),
(2373, 37, 7, 83, '', '', 0),
(2374, 37, 7, 4, '', '', 0),
(2375, 37, 7, 84, '', '', 0),
(2376, 37, 131, 26, '', '', 0),
(2377, 37, 131, 23, '', '', 0),
(2378, 37, 131, 73, '', '', 0),
(2379, 37, 131, 61, '', '', 0),
(2380, 37, 131, 4, '', '', 0),
(2381, 37, 8, 23, '', '', 0),
(2382, 37, 8, 73, '', '', 0),
(2383, 37, 8, 60, '', '', 0),
(2384, 37, 8, 4, '', '', 0),
(2385, 37, 94, 23, '', '', 0),
(2386, 37, 94, 73, '', '', 0),
(2387, 37, 94, 44, '', '', 0),
(2388, 37, 95, 30, '', '', 0),
(2389, 37, 95, 23, '', '', 0),
(2390, 37, 95, 73, '', '', 0),
(2391, 37, 95, 60, '', '', 0),
(2392, 37, 95, 61, '', '', 0),
(2393, 37, 95, 44, '', '', 0),
(2394, 37, 95, 4, '', '', 0),
(2395, 37, 97, 3, '', '', 0),
(2396, 37, 97, 60, '', '', 0),
(2397, 37, 97, 54, '', '', 0),
(2398, 37, 97, 44, '', '', 0),
(2399, 37, 97, 4, '', '', 0),
(2400, 37, 18, 34, '', '', 0),
(2401, 37, 18, 26, '', '', 0),
(2402, 37, 18, 79, '', '', 0),
(2403, 37, 18, 27, '', '', 0),
(2404, 37, 18, 4, '', '', 0),
(2405, 37, 98, 26, '', '', 0),
(2406, 37, 98, 4, '', '', 0),
(2407, 37, 100, 23, '', '', 0),
(2408, 37, 100, 73, '', '', 0),
(2409, 37, 100, 60, '', '', 0),
(2410, 37, 100, 86, '', '', 0),
(2411, 37, 100, 44, '', '', 0),
(2412, 37, 100, 4, '', '', 0),
(2413, 37, 132, 23, '', '', 0),
(2414, 37, 132, 89, '', '', 0),
(2415, 37, 132, 44, '', '', 0),
(2416, 37, 132, 4, '', '', 0),
(2417, 37, 102, 9, '', '', 0),
(2418, 37, 102, 26, '', '', 0),
(2419, 37, 102, 23, '', '', 0),
(2420, 37, 102, 73, '', '', 0),
(2421, 37, 102, 61, '', '', 0),
(2422, 37, 102, 4, '', '', 0),
(2423, 37, 64, 3, '', '', 0),
(2424, 37, 64, 60, '', '', 0),
(2425, 37, 64, 54, '', '', 0),
(2426, 37, 64, 44, '', '', 0),
(2427, 37, 64, 4, '', '', 0),
(2428, 37, 73, 23, '', '', 0),
(2429, 37, 73, 60, '', '', 0),
(2430, 37, 73, 44, '', '', 0),
(2431, 37, 21, 26, '', '', 0),
(2432, 37, 21, 4, '', '', 0),
(2433, 37, 103, 26, '', '', 0),
(2434, 37, 103, 4, '', '', 0),
(2435, 37, 22, 26, '', '', 0),
(2436, 37, 22, 31, '', '', 0),
(2437, 37, 22, 4, '', '', 0),
(2438, 37, 104, 26, '', '', 0),
(2439, 37, 104, 4, '', '', 0),
(2440, 37, 105, 3, '', '', 0),
(2441, 37, 105, 4, '', '', 0),
(2442, 37, 107, 26, '', '', 0),
(2443, 37, 107, 27, '', '', 0),
(2444, 37, 107, 4, '', '', 0),
(2445, 37, 108, 26, '', '', 0),
(2446, 37, 108, 4, '', '', 0),
(2447, 37, 109, 3, '', '', 0),
(2448, 37, 109, 4, '', '', 0),
(2449, 37, 74, 23, '', '', 0),
(2450, 37, 74, 73, '', '', 0),
(2451, 37, 74, 60, '', '', 0),
(2452, 37, 74, 4, '', '', 0),
(2453, 38, 118, 37, '', '', 0),
(2454, 38, 118, 14, '', '', 0),
(2455, 38, 57, 23, '', '', 0),
(2456, 38, 57, 40, '', '', 0),
(2457, 38, 116, 29, '', '', 0),
(2458, 38, 116, 40, '', '', 0),
(2459, 38, 116, 41, '', '', 0),
(2460, 38, 65, 29, '', '', 0),
(2461, 38, 65, 40, '', '', 0),
(2462, 38, 65, 41, '', '', 0),
(2463, 38, 165, 30, '', '', 0),
(2464, 38, 165, 4, '', '', 0),
(2465, 38, 3, 3, '', '', 0),
(2466, 38, 3, 44, '', '', 0),
(2467, 38, 42, 44, '', '', 0),
(2468, 38, 78, 35, '', '', 0),
(2469, 38, 78, 58, '', '', 0),
(2470, 39, 30, 22, '', '', 0),
(2471, 39, 30, 23, '', '', 0),
(2472, 39, 30, 14, '', '', 0),
(2473, 39, 30, 25, '', '', 0),
(2474, 39, 151, 2, '', '', 0),
(2475, 39, 151, 3, '', '', 0),
(2476, 39, 1, 1, '', '', 0),
(2477, 39, 1, 13, '', '', 0),
(2478, 39, 166, 26, '', '', 0),
(2479, 39, 166, 3, '', '', 0),
(2480, 39, 166, 73, '', '', 0),
(2481, 39, 166, 31, '', '', 0),
(2482, 39, 166, 4, '', '', 0),
(2483, 39, 167, 75, '', '', 0),
(2484, 39, 167, 23, '', '', 0),
(2485, 39, 168, 38, '', '', 0),
(2486, 39, 168, 73, '', '', 0),
(2487, 39, 168, 31, '', '', 0),
(2488, 39, 168, 40, '', '', 0),
(2489, 39, 168, 41, '', '', 0),
(2490, 39, 169, 2, '', '', 0),
(2491, 40, 30, 22, '', '', 0),
(2492, 40, 30, 23, '', '', 0),
(2493, 40, 30, 14, '', '', 0),
(2494, 40, 30, 25, '', '', 0),
(2495, 40, 151, 2, '', '', 0),
(2496, 40, 151, 3, '', '', 0),
(2497, 40, 1, 1, '', '', 0),
(2498, 40, 1, 13, '', '', 0),
(2499, 40, 166, 26, '', '', 0),
(2500, 40, 166, 3, '', '', 0),
(2501, 40, 166, 73, '', '', 0),
(2502, 40, 166, 31, '', '', 0),
(2503, 40, 166, 4, '', '', 0),
(2504, 40, 167, 75, '', '', 0),
(2505, 40, 167, 23, '', '', 0),
(2506, 40, 168, 38, '', '', 0),
(2507, 40, 168, 73, '', '', 0),
(2508, 40, 168, 31, '', '', 0),
(2509, 40, 168, 40, '', '', 0),
(2510, 40, 168, 41, '', '', 0),
(2511, 40, 169, 2, '', '', 0),
(2512, 41, 64, 76, '', '', 0),
(2513, 41, 64, 53, '', '', 0),
(2514, 42, 1, 1, '', '', 0),
(2515, 42, 2, 2, '', '', 0),
(2516, 42, 3, 5, '', '', 0),
(2517, 42, 3, 3, '', '', 0),
(2518, 42, 3, 4, '', '', 0),
(2519, 43, 38, 36, '', '', 0),
(2520, 43, 66, 1, '', '', 0),
(2521, 43, 66, 64, '', '', 0),
(2522, 43, 66, 36, '', '', 0),
(2523, 43, 66, 77, '', '', 0),
(2524, 43, 66, 44, '', '', 0),
(2525, 43, 40, 2, '', '', 0),
(2526, 43, 40, 38, '', '', 0),
(2527, 43, 40, 40, '', '', 0),
(2528, 43, 40, 41, '', '', 0),
(2529, 43, 35, 2, '', '', 0),
(2530, 43, 35, 38, '', '', 0),
(2531, 43, 35, 40, '', '', 0),
(2532, 43, 35, 41, '', '', 0),
(2533, 43, 41, 2, '', '', 0),
(2534, 43, 41, 38, '', '', 0),
(2535, 43, 41, 40, '', '', 0),
(2536, 43, 41, 41, '', '', 0),
(2537, 43, 7, 45, '', '', 0),
(2538, 43, 7, 46, '', '', 0),
(2539, 43, 7, 35, '', '', 0),
(2540, 43, 7, 30, '', '', 0),
(2541, 43, 7, 51, '', '', 0),
(2542, 43, 7, 3, '', '', 0),
(2543, 43, 7, 43, '', '', 0),
(2544, 43, 7, 55, '', '', 0),
(2545, 43, 130, 57, '', '', 0),
(2546, 43, 130, 30, '', '', 0),
(2547, 43, 130, 2, '', '', 0),
(2548, 43, 130, 88, '', '', 0),
(2549, 43, 130, 4, '', '', 0),
(2550, 43, 58, 63, '', '', 0),
(2551, 43, 58, 30, '', '', 0),
(2552, 43, 58, 23, '', '', 0),
(2553, 43, 58, 3, '', '', 0),
(2554, 43, 58, 77, '', '', 0),
(2555, 43, 58, 4, '', '', 0),
(2556, 43, 18, 47, '', '', 0),
(2557, 43, 18, 35, '', '', 0),
(2558, 43, 18, 42, '', '', 0),
(2559, 43, 18, 4, '', '', 0),
(2560, 43, 65, 38, '', '', 0),
(2561, 43, 65, 40, '', '', 0),
(2562, 43, 65, 41, '', '', 0),
(2563, 43, 170, 44, '', '', 0),
(2564, 43, 110, 22, '', '', 0),
(2565, 43, 110, 35, '', '', 0),
(2566, 43, 110, 36, '', '', 0),
(2567, 43, 110, 24, '', '', 0),
(2568, 43, 110, 4, '', '', 0),
(2569, 43, 74, 22, '', '', 0),
(2570, 43, 74, 2, '', '', 0),
(2571, 43, 74, 23, '', '', 0),
(2572, 43, 74, 4, '', '', 0),
(2573, 44, 118, 37, '', '', 0),
(2574, 44, 68, 44, '', '', 0),
(2575, 44, 47, 29, '', '', 0),
(2576, 44, 47, 23, '', '', 0),
(2577, 44, 48, 29, '', '', 0),
(2578, 44, 48, 33, '', '', 0),
(2579, 44, 48, 23, '', '', 0),
(2580, 44, 46, 29, '', '', 0),
(2581, 44, 46, 23, '', '', 0),
(2582, 44, 65, 29, '', '', 0),
(2583, 44, 65, 40, '', '', 0),
(2584, 44, 65, 41, '', '', 0),
(2585, 44, 165, 30, '', '', 0),
(2586, 44, 165, 4, '', '', 0),
(2587, 44, 3, 3, '', '', 0),
(2588, 44, 3, 44, '', '', 0),
(2589, 44, 78, 35, '', '', 0),
(2590, 44, 78, 58, '', '', 0),
(2591, 45, 120, 10, '', '', 0),
(2592, 45, 120, 28, '', '', 0),
(2593, 45, 120, 29, '', '', 0),
(2594, 45, 120, 12, '', '', 0),
(2595, 45, 120, 11, '', '', 0),
(2596, 45, 120, 40, '', '', 0),
(2597, 45, 120, 41, '', '', 0),
(2598, 45, 87, 10, '', '', 0),
(2599, 45, 87, 28, '', '', 0),
(2600, 45, 87, 29, '', '', 0),
(2601, 45, 87, 12, '', '', 0),
(2602, 45, 87, 11, '', '', 0),
(2603, 45, 87, 40, '', '', 0),
(2604, 45, 87, 41, '', '', 0),
(2605, 45, 121, 10, '', '', 0),
(2606, 45, 121, 28, '', '', 0),
(2607, 45, 121, 29, '', '', 0),
(2608, 45, 121, 12, '', '', 0),
(2609, 45, 121, 11, '', '', 0),
(2610, 45, 121, 40, '', '', 0),
(2611, 45, 121, 41, '', '', 0),
(2612, 45, 88, 32, '', '', 0),
(2613, 45, 88, 28, '', '', 0),
(2614, 45, 88, 29, '', '', 0),
(2615, 45, 88, 82, '', '', 0),
(2616, 45, 124, 32, '', '', 0),
(2617, 45, 124, 28, '', '', 0),
(2618, 45, 124, 29, '', '', 0),
(2619, 45, 124, 82, '', '', 0),
(2620, 45, 89, 32, '', '', 0),
(2621, 45, 89, 28, '', '', 0),
(2622, 45, 89, 29, '', '', 0),
(2623, 45, 89, 82, '', '', 0),
(2624, 45, 7, 59, '', '', 0),
(2625, 45, 7, 30, '', '', 0),
(2626, 45, 7, 60, '', '', 0),
(2627, 45, 7, 83, '', '', 0),
(2628, 45, 7, 4, '', '', 0),
(2629, 45, 7, 84, '', '', 0),
(2630, 45, 125, 3, '', '', 0),
(2631, 45, 125, 44, '', '', 0),
(2632, 45, 125, 4, '', '', 0),
(2633, 45, 97, 3, '', '', 0),
(2634, 45, 97, 60, '', '', 0),
(2635, 45, 97, 54, '', '', 0),
(2636, 45, 97, 44, '', '', 0),
(2637, 45, 97, 4, '', '', 0),
(2638, 45, 126, 60, '', '', 0),
(2639, 45, 126, 44, '', '', 0),
(2640, 45, 18, 26, '', '', 0),
(2641, 45, 18, 79, '', '', 0),
(2642, 45, 18, 27, '', '', 0),
(2643, 45, 18, 4, '', '', 0),
(2644, 45, 98, 26, '', '', 0),
(2645, 45, 98, 4, '', '', 0),
(2646, 45, 100, 23, '', '', 0),
(2647, 45, 100, 73, '', '', 0),
(2648, 45, 100, 60, '', '', 0),
(2649, 45, 100, 86, '', '', 0),
(2650, 45, 100, 44, '', '', 0),
(2651, 45, 100, 4, '', '', 0),
(2652, 45, 127, 30, '', '', 0),
(2653, 45, 127, 3, '', '', 0),
(2654, 45, 127, 4, '', '', 0),
(2655, 45, 128, 30, '', '', 0),
(2656, 45, 128, 31, '', '', 0),
(2657, 45, 128, 4, '', '', 0),
(2658, 45, 129, 30, '', '', 0),
(2659, 45, 129, 4, '', '', 0),
(2660, 45, 64, 3, '', '', 0),
(2661, 45, 64, 60, '', '', 0),
(2662, 45, 64, 54, '', '', 0),
(2663, 45, 64, 44, '', '', 0),
(2664, 45, 64, 4, '', '', 0),
(2665, 45, 21, 26, '', '', 0),
(2666, 45, 21, 4, '', '', 0),
(2667, 45, 22, 26, '', '', 0),
(2668, 45, 22, 31, '', '', 0),
(2669, 45, 22, 4, '', '', 0),
(2670, 45, 23, 26, '', '', 0),
(2671, 45, 23, 4, '', '', 0),
(2672, 45, 106, 38, '', '', 0),
(2673, 45, 106, 31, '', '', 0),
(2674, 45, 107, 26, '', '', 0),
(2675, 45, 107, 27, '', '', 0),
(2676, 45, 107, 4, '', '', 0),
(2677, 46, 30, 9, '', '', 0),
(2678, 46, 30, 22, '', '', 0),
(2679, 46, 30, 23, '', '', 0),
(2680, 46, 30, 14, '', '', 0),
(2681, 46, 30, 25, '', '', 0),
(2682, 46, 120, 28, '', '', 0),
(2683, 46, 120, 29, '', '', 0),
(2684, 46, 120, 40, '', '', 0),
(2685, 46, 120, 41, '', '', 0),
(2686, 46, 87, 28, '', '', 0),
(2687, 46, 87, 29, '', '', 0),
(2688, 46, 87, 40, '', '', 0),
(2689, 46, 87, 41, '', '', 0),
(2690, 46, 121, 28, '', '', 0),
(2691, 46, 121, 29, '', '', 0),
(2692, 46, 121, 40, '', '', 0),
(2693, 46, 121, 41, '', '', 0),
(2694, 46, 88, 32, '', '', 0),
(2695, 46, 88, 28, '', '', 0),
(2696, 46, 88, 29, '', '', 0),
(2697, 46, 88, 78, '', '', 0),
(2698, 46, 124, 32, '', '', 0),
(2699, 46, 124, 28, '', '', 0),
(2700, 46, 124, 29, '', '', 0),
(2701, 46, 124, 78, '', '', 0),
(2702, 46, 89, 32, '', '', 0),
(2703, 46, 89, 28, '', '', 0),
(2704, 46, 89, 29, '', '', 0),
(2705, 46, 89, 78, '', '', 0),
(2706, 46, 80, 99, '', '', 0),
(2707, 46, 80, 28, '', '', 0),
(2708, 46, 80, 80, '', '', 0),
(2709, 46, 80, 29, '', '', 0),
(2710, 46, 80, 33, '', '', 0),
(2711, 46, 80, 31, '', '', 0),
(2712, 46, 80, 41, '', '', 0),
(2713, 46, 80, 54, '', '', 0),
(2714, 46, 81, 99, '', '', 0),
(2715, 46, 81, 28, '', '', 0),
(2716, 46, 81, 80, '', '', 0),
(2717, 46, 81, 29, '', '', 0),
(2718, 46, 81, 33, '', '', 0),
(2719, 46, 81, 31, '', '', 0),
(2720, 46, 81, 41, '', '', 0),
(2721, 46, 81, 54, '', '', 0),
(2722, 46, 82, 99, '', '', 0),
(2723, 46, 82, 28, '', '', 0),
(2724, 46, 82, 80, '', '', 0),
(2725, 46, 82, 29, '', '', 0),
(2726, 46, 82, 33, '', '', 0),
(2727, 46, 82, 31, '', '', 0),
(2728, 46, 82, 41, '', '', 0),
(2729, 46, 82, 54, '', '', 0),
(2730, 46, 7, 59, '', '', 0),
(2731, 46, 7, 30, '', '', 0),
(2732, 46, 7, 60, '', '', 0),
(2733, 46, 7, 83, '', '', 0),
(2734, 46, 7, 4, '', '', 0),
(2735, 46, 7, 84, '', '', 0),
(2736, 46, 8, 23, '', '', 0),
(2737, 46, 8, 73, '', '', 0),
(2738, 46, 8, 60, '', '', 0),
(2739, 46, 8, 4, '', '', 0),
(2740, 46, 95, 30, '', '', 0),
(2741, 46, 95, 23, '', '', 0),
(2742, 46, 95, 73, '', '', 0),
(2743, 46, 95, 60, '', '', 0),
(2744, 46, 95, 61, '', '', 0),
(2745, 46, 95, 4, '', '', 0),
(2746, 46, 18, 34, '', '', 0),
(2747, 46, 18, 26, '', '', 0),
(2748, 46, 18, 79, '', '', 0),
(2749, 46, 18, 27, '', '', 0),
(2750, 46, 18, 4, '', '', 0),
(2751, 46, 98, 26, '', '', 0),
(2752, 46, 98, 4, '', '', 0),
(2753, 46, 100, 23, '', '', 0),
(2754, 46, 100, 73, '', '', 0),
(2755, 46, 100, 60, '', '', 0),
(2756, 46, 100, 86, '', '', 0),
(2757, 46, 100, 44, '', '', 0),
(2758, 46, 100, 4, '', '', 0),
(2759, 46, 171, 30, '', '', 0),
(2760, 46, 171, 3, '', '', 0),
(2761, 46, 171, 31, '', '', 0),
(2762, 46, 171, 4, '', '', 0),
(2763, 46, 21, 26, '', '', 0),
(2764, 46, 21, 4, '', '', 0),
(2765, 46, 22, 26, '', '', 0),
(2766, 46, 22, 31, '', '', 0),
(2767, 46, 22, 4, '', '', 0),
(2768, 46, 23, 26, '', '', 0),
(2769, 46, 23, 4, '', '', 0),
(2770, 46, 107, 26, '', '', 0),
(2771, 46, 107, 27, '', '', 0),
(2772, 46, 107, 4, '', '', 0),
(2773, 46, 74, 23, '', '', 0),
(2774, 46, 74, 73, '', '', 0),
(2775, 46, 74, 60, '', '', 0),
(2776, 46, 74, 4, '', '', 0);


INSERT INTO obj_cities (id, `name`) VALUES
(1, 'Ons dorp'),
(2, 'Arnhem'),
(3, 'Haarlem'),
(4, 'Utrecht'),
(5, 'Groningen'),
(6, 'Den Haag'),
(7, 'Rotterdam'),
(8, 'Amsterdam'),
(9, 'Aarle-Rixtel'),
(10, 'Amersfoort');


INSERT INTO obj_objects (id, postal_id, housenumber, owner, `type`, remarks) VALUES
(1, 1, '2', 'Mr. de Vries', '', ''),
(2, 1, '4', 'Mevr. de Groot', '', ''),
(3, 3, '1', 'Dhr Thijssen', '', ''),
(4, 4, '7b', 'Enrise', '', ''),
(5, 4, '7a', 'Iemand anders', '', ''),
(6, 4, '7', 'Hoofdbewoner', '', ''),
(7, 3, 'to12', 'Kapitein Iglo', 'woonboot', ''),
(14, 1, '123-125', 'kapit', 'een boot', 'aaap'),
(23, 21, '2', 'Roy X. Fielding', 'Apartment', 'There are no remarks'),
(24, 21, '2A', 'Roy X. Fielding', 'Apartment', 'There are no remarks'),
(25, 21, '10-12', 'Roy X. Fielding', 'Apartment', 'There are no remarks'),
(26, 23, '2', 'J. van Dijk', 'Kartonnen doos', 'blaat'),
(27, 23, '4', 'J. van Dijk', 'Kartonnen doos', 'blaat');


INSERT INTO obj_postals (id, postalcode, `from`, `to`, oddeven, street_id, city_id) VALUES
(1, '1234AB', 1, 10, 'even', 1, 1),
(2, '1234AB', 1, 5, 'odd', 1, 1),
(3, '9999ZZ', 1, 10, 'both', 22, 8),
(4, '3813AA', 1, 100, 'both', 20, 6),
(21, '5000XY', 1, 10, 'even', 12, 9),
(22, '5000XY', 1, 20, 'odd', 12, 9),
(23, '5555KL', 1, 10, 'even', 23, 10),
(24, '5555KL', 1, 20, 'odd', 23, 10),
(25, '5555KL', 80, 100, 'both', 23, 10);

INSERT INTO obj_streets (id, `name`) VALUES
(1, 'Dorpstraat'),
(2, 'Brink'),
(3, 'steenstraat'),
(4, 'ketelstraat'),
(5, 'velperplein'),
(6, 'barteljorisstraat'),
(7, 'zijlweg'),
(8, 'houtstraat'),
(9, 'neude'),
(10, 'biltstraat'),
(11, 'vreeburg'),
(12, 'A-kerkhof'),
(13, 'Grote Markt'),
(14, 'Heerestraat'),
(15, 'Spui'),
(16, 'Plein'),
(17, 'Lange poten'),
(18, 'Hofplein'),
(19, 'Braak'),
(20, 'Coolsingel'),
(21, 'Leidsestraat'),
(22, 'Kalverstraat'),
(23, 'Grote koppel');

INSERT INTO `rep_observers` (`id`, `repair_id`, `firstname`, `lastname`, `gender`, `email`, `phone`, `email_update`, `text_update`) VALUES
(1, 1, 'Joshua', 'Thijssen', 'm', 'jthijssen@example.org', '0612345678', 1, 0),
(3, 1, 'Andy', 'Warhol', 'm', 'awarhol@example.org', '0612356783', 1, 1),
(4, 1, 'Andy', 'Andy', 'f', 'awarhol@example.org', '0612356783', 1, 1),
(5, 1, 'Andy', 'Warhol', 'm', 'awarhol@example.org', '0612356783', 1, 0),
(6, 1, 'Andy', 'Warhol', 'f', 'awarhol@example.org', '0612356783', 0, 1);
