SET SQL_MODE="NO_AUTO_VALUE_ON_ZERO";

SET foreign_key_checks = 0;

TRUNCATE dt_defects;
TRUNCATE dt_elements;
TRUNCATE dt_join;
TRUNCATE dt_locations;

SET foreign_key_checks = 1;

INSERT INTO `dt_defects` (`id`, `aid`, `name_nl`, `name_en`) VALUES
(3, 'Ontbreekt', 'Ontbreekt', ''),
(6, 'Asbest onderzoek', 'Asbest onderzoek', ''),
(9, 'aanpassenvervangen', 'aanpassen/vervangen', ''),
(12, 'Scharnier ontbreekt', 'Scharnier ontbreekt', ''),
(15, 'Inspectie', 'Inspectie', ''),
(18, 'Servicebeurt mutatie', 'Servicebeurt mutatie', ''),
(21, 'Bijstand ontruiming', 'Bijstand ontruiming', ''),
(24, 'Loopt over', 'Loopt over', ''),
(27, 'Schilderwerk beschadigd', 'Schilderwerk beschadigd', ''),
(30, 'Is niet compleet', 'Is niet compleet', ''),
(33, 'Houtrot', 'Houtrot', ''),
(36, 'Is verstopt', 'Is verstopt', ''),
(39, 'plakplaat lekt', 'plakplaat lekt', ''),
(42, 'Verf bladdert af', 'Verf bladdert af', ''),
(45, 'De zekering springt er steeds uit', 'De zekering springt er steeds uit', ''),
(48, 'Graffiti', 'Graffiti', ''),
(51, 'Onregelmatig spanning verlies', 'Onregelmatig spanning verlies', ''),
(54, 'Tocht', 'Tocht', ''),
(57, 'Deurtje klemt', 'Deurtje klemt', ''),
(60, 'Schakelmateriaal defect', 'Schakelmateriaal defect', ''),
(63, 'Blijft aanslaan', 'Blijft aanslaan', ''),
(66, 'Mantel defect', 'Mantel defect', ''),
(69, 'Rookgasafvoer ligt eraf', 'Rookgasafvoer ligt eraf', ''),
(72, 'Waakvlam gaat steeds uit', 'Waakvlam gaat steeds uit', ''),
(75, 'Bevriezing', 'Bevriezing', ''),
(78, 'Is beschadigd', 'Is beschadigd', ''),
(81, 'Douche is verouderd', 'Douche is verouderd', ''),
(84, 'Zwerfstroom', 'Zwerfstroom', ''),
(87, 'Verbrand', 'Verbrand', ''),
(90, 'Onvoldoende beveiligd', 'Onvoldoende beveiligd', ''),
(93, 'ventilatierooster gaas stuk', 'ventilatierooster gaas stuk', ''),
(96, 'Wateroverlast', 'Wateroverlast', ''),
(99, 'betimmering beschadigd', 'betimmering beschadigd', '');


INSERT INTO `dt_elements` (`id`, `aid`, `name_nl`, `name_en`) VALUES
(4, 'Asbest', 'Asbest', ''),
(8, 'Gasleiding', 'Gasleiding', ''),
(12, 'Ongedierte', 'Ongedierte', ''),
(16, 'Kitvoeg', 'Kitvoeg', ''),
(20, 'Trapleuninghekwerk', 'Trap/leuning/hekwerk', ''),
(24, 'Vestiging 1', 'Vestiging 1', ''),
(28, 'Vestiging 5', 'Vestiging 5', ''),
(32, 'Kozijn (aluminium)', 'Kozijn (aluminium)', ''),
(36, 'Dakbedekking ', 'Dakbedekking ', ''),
(40, 'Deur (aluminium)', 'Deur (aluminium)', 'Door (aluminium)'),
(44, 'Belhuistelefoonintercominstallatie ', 'Bel/huistelefoon/intercominstallatie ', ''),
(48, 'Kozijn (hout) entree pui ', 'Kozijn (hout) entree pui ', ''),
(52, 'Dakpannen ', 'Dakpannen ', ''),
(56, 'Stortkoker ', 'Stortkoker ', ''),
(60, 'Water ', 'Water ', ''),
(64, 'Ventilatieventilatieroosters ', 'Ventilatie/ventilatieroosters ', ''),
(68, 'Cv ketel', 'Cv ketel', ''),
(72, 'Pomp', 'Pomp', ''),
(76, 'Zonnepaneel (boiler)', 'Zonnepaneel (boiler)', ''),
(80, 'Dakraam (aluminium)', 'Dakraam (aluminium)', ''),
(84, 'Regenpijp', 'Regenpijp', ''),
(88, 'Binnenkozijn (aluminium)', 'Binnenkozijn (aluminium)', ''),
(92, 'Douchekop', 'Douchekop', ''),
(96, 'Ligbadlavet', 'Ligbad/lavet', ''),
(100, 'Radiatorcv leiding', 'Radiator/cv leiding', ''),
(104, 'Vloer tegelwerk', 'Vloer tegelwerk', ''),
(108, 'Wanden tegelwerk', 'Wanden tegelwerk', ''),
(112, 'Steunbeugel', 'Steunbeugel', ''),
(116, 'Deur naar galerij ', 'Deur naar galerij ', ''),
(120, 'Binnendeur (aluminium)', 'Binnendeur (aluminium)', ''),
(124, 'Binnenkozijn (hout)', 'Binnenkozijn (hout)', ''),
(128, 'Trapleuning hout', 'Trap/leuning hout', ''),
(132, 'Reservoir', 'Reservoir', ''),
(136, 'Buitendeur (hout)', 'Buitendeur (hout)', ''),
(140, 'Raam (aluminium)', 'Raam (aluminium)', ''),
(144, 'Vensterbank', 'Vensterbank', ''),
(148, 'Rookmelder', 'Rookmelder', ''),
(152, 'Beugel', 'Beugel', ''),
(156, 'Buitenkozijn (kunststof)', 'Buitenkozijn (kunststof)', ''),
(160, 'Dakbedekking golfplaat', 'Dakbedekking/ golfplaat', ''),
(164, 'Standleiding', 'Standleiding', ''),
(168, 'Poortdeurhek', 'Poortdeur/hek', '');



INSERT INTO `dt_locations` (`id`, `aid`, `name_nl`, `name_en`, `etag`) VALUES
(1, 'Achterpad', 'Achterpad', 'UKAchterpad', ''),
(2, 'Algemeen', 'Algemeen', 'UKAlgemeen', ''),
(3, 'Balkon', 'Balkon', 'UKBalkon', ''),
(4, 'Bedrijfsruimte', 'Bedrijfsruimte', 'UKBedrijfsruimte', ''),
(5, 'Berging', 'Berging', 'UKBerging', ''),
(6, 'Casco', 'Casco', 'UKCasco', ''),
(7, 'Containerruimte', 'Containerruimte', 'UKContainerruimte', ''),
(8, 'CV inst.warm water voorziening', 'CV inst./warm water voorziening', 'UKCV inst./warm water voorziening', ''),
(9, 'CVWW installaties', 'CV/WW installaties', 'UKCV/WW installaties', ''),
(10, 'Dak', 'Dak', 'UKDak', ''),
(11, 'Dakkapel', 'Dakkapel', 'UKDakkapel', ''),
(12, 'Doucheruimtebadkamer', 'Doucheruimte/badkamer', 'UKDoucheruimte/badkamer', ''),
(13, 'Fietsenstalling', 'Fietsenstalling', 'UKFietsenstalling', ''),
(14, 'Galerij', 'Galerij', 'UKGalerij', ''),
(15, 'Gangkasttrapkast', 'Gangkast/trapkast', 'UKGangkast/trapkast', ''),
(16, 'Garage', 'Garage', 'UKGarage', ''),
(17, 'Gemeenschappelijke badkamer', 'Gemeenschappelijke badkamer', 'UKGemeenschappelijke badkamer', ''),
(18, 'Gemeenschappelijke Kamer', 'Gemeenschappelijke Kamer', 'UKGemeenschappelijke Kamer', ''),
(19, 'Gemeenschappelijke keuken', 'Gemeenschappelijke keuken', 'UKGemeenschappelijke keuken', ''),
(20, 'Gemeenschappelijke Toiletruimte', 'Gemeenschappelijke Toiletruimte', 'UKGemeenschappelijke Toiletruimte', ''),
(21, 'Gevel (achterzijde)', 'Gevel (achterzijde)', 'UKGevel (achterzijde)', ''),
(22, 'Gevel (voorzijde)', 'Gevel (voorzijde)', 'UKGevel (voorzijde)', ''),
(23, 'Gevel (zijkant)', 'Gevel (zijkant)', 'UKGevel (zijkant)', ''),
(24, 'Halgangoverlooptrap', 'Hal/gang/overloop/trap', 'UKHal/gang/overloop/trap', ''),
(25, 'Kamer', 'Kamer', 'UKKamer', ''),
(26, 'Kelder', 'Kelder', 'UKKelder', ''),
(27, 'Keuken', 'Keuken', 'UKKeuken', ''),
(28, 'Kruipruimte', 'Kruipruimte', 'UKKruipruimte', ''),
(29, 'Meterkast elektrakast', 'Meterkast/ elektrakast', 'UKMeterkast/ elektrakast', ''),
(30, 'Ontspanningsruimte', 'Ontspanningsruimte', 'UKOntspanningsruimte', ''),
(31, 'Parkeerplaats', 'Parkeerplaats', 'UKParkeerplaats', ''),
(32, 'Riolering koopwoning', 'Riolering koopwoning', 'UKRiolering koopwoning', ''),
(33, 'Riool', 'Riool', 'UKRiool', ''),
(34, 'Schuurberging', 'Schuur/berging', 'UKSchuur/berging', ''),
(35, 'Slaapkamer', 'Slaapkamer', 'UKSlaapkamer', ''),
(36, 'Standleiding', 'Standleiding', 'UKStandleiding', ''),
(37, 'Toiletruimte', 'Toiletruimte', 'UKToiletruimte', ''),
(38, 'TrappenhuisPortiek', 'Trappenhuis/Portiek', 'UKTrappenhuis/Portiek', ''),
(39, 'Tuin gemeenschappelijk', 'Tuin gemeenschappelijk', 'UKTuin gemeenschappelijk', ''),
(40, 'Tuin privé', 'Tuin privé', 'UKTuin privé', ''),
(41, 'Ventilatie Mechanisch', 'Ventilatie Mechanisch', 'UKVentilatie Mechanisch', ''),
(42, 'Voorpad', 'Voorpad', 'UKVoorpad', ''),
(43, 'Wasruimte', 'Wasruimte', 'UKWasruimte', ''),
(44, 'Wijkverwarming', 'Wijkverwarming', 'UKWijkverwarming', ''),
(45, 'Woonkamer', 'Woonkamer', 'UKWoonkamer', ''),
(46, 'Zoldervliering', 'Zolder/vliering', 'UKZolder/vliering', ''),
(47, 'aid-tag', 'Nederlandse naam', 'Engelse naam', '12345ab');

INSERT INTO `dt_join` (`id`, `location_id`, `element_id`, `defect_id`, `flags`, `etag`, `deleted`) VALUES
(7, 2, 4, 6, '', '', 0),
(30, 3, 16, 3, '', '', 0),
(41, 3, 20, 30, '', '', 0),
(42, 3, 20, 3, '', '', 0),
(43, 3, 20, 27, '', '', 0),
(67, 5, 36, 39, '', '', 0),
(74, 5, 40, 42, '', '', 0),
(105, 6, 36, 39, '', '', 0),
(119, 6, 52, 30, '', '', 0),
(121, 6, 52, 3, '', '', 0),
(133, 6, 40, 42, '', '', 0),
(162, 6, 32, 42, '', '', 0),
(167, 6, 48, 33, '', '', 0),
(168, 6, 48, 42, '', '', 0),
(196, 6, 56, 36, '', '', 0),
(197, 6, 56, 24, '', '', 0),
(204, 6, 60, 24, '', '', 0),
(214, 7, 36, 39, '', '', 0),
(252, 8, 68, 63, '', '', 0),
(256, 8, 68, 66, '', '', 0),
(259, 8, 68, 69, '', '', 0),
(260, 8, 68, 60, '', '', 0),
(265, 8, 68, 72, '', '', 0),
(282, 8, 72, 60, '', '', 0),
(294, 8, 76, 75, '', '', 0),
(297, 9, 68, 63, '', '', 0),
(300, 9, 68, 66, '', '', 0),
(358, 10, 52, 3, '', '', 0),
(366, 10, 80, 27, '', '', 0),
(369, 10, 80, 54, '', '', 0),
(489, 12, 100, 60, '', '', 0),
(537, 13, 36, 39, '', '', 0),
(546, 13, 52, 3, '', '', 0),
(561, 14, 116, 30, '', '', 0),
(608, 15, 100, 60, '', '', 0),
(636, 17, 120, 12, '', '', 0),
(724, 17, 100, 60, '', '', 0),
(779, 18, 120, 12, '', '', 0),
(840, 18, 100, 60, '', '', 0),
(847, 18, 128, 30, '', '', 0),
(852, 18, 64, 3, '', '', 0),
(853, 18, 64, 60, '', '', 0),
(854, 18, 64, 54, '', '', 0),
(882, 19, 120, 12, '', '', 0),
(949, 19, 100, 60, '', '', 0),
(953, 19, 64, 3, '', '', 0),
(954, 19, 64, 60, '', '', 0),
(955, 19, 64, 54, '', '', 0),
(989, 20, 120, 12, '', '', 0),
(1028, 20, 8, 60, '', '', 0),
(1054, 20, 100, 60, '', '', 0),
(1068, 20, 64, 3, '', '', 0),
(1069, 20, 64, 60, '', '', 0),
(1070, 20, 64, 54, '', '', 0),
(1124, 21, 136, 78, '', '', 0),
(1128, 21, 136, 90, '', '', 0),
(1129, 21, 136, 12, '', '', 0),
(1131, 21, 136, 27, '', '', 0),
(1135, 21, 136, 54, '', '', 0),
(1175, 21, 32, 27, '', '', 0),
(1177, 21, 32, 54, '', '', 0),
(1211, 21, 140, 90, '', '', 0),
(1213, 21, 140, 27, '', '', 0),
(1217, 21, 140, 54, '', '', 0),
(1254, 21, 144, 78, '', '', 0),
(1255, 21, 144, 3, '', '', 0),
(1258, 21, 64, 3, '', '', 0),
(1260, 21, 64, 54, '', '', 0),
(1261, 21, 64, 93, '', '', 0),
(1297, 22, 136, 78, '', '', 0),
(1301, 22, 136, 90, '', '', 0),
(1302, 22, 136, 12, '', '', 0),
(1304, 22, 136, 27, '', '', 0),
(1308, 22, 136, 54, '', '', 0),
(1348, 22, 32, 27, '', '', 0),
(1350, 22, 32, 54, '', '', 0),
(1384, 22, 140, 90, '', '', 0),
(1386, 22, 140, 27, '', '', 0),
(1390, 22, 140, 54, '', '', 0),
(1427, 22, 144, 78, '', '', 0),
(1428, 22, 144, 3, '', '', 0),
(1431, 22, 64, 3, '', '', 0),
(1433, 22, 64, 54, '', '', 0),
(1434, 22, 64, 93, '', '', 0),
(1470, 23, 136, 78, '', '', 0),
(1474, 23, 136, 90, '', '', 0),
(1475, 23, 136, 12, '', '', 0),
(1477, 23, 136, 27, '', '', 0),
(1481, 23, 136, 54, '', '', 0),
(1521, 23, 32, 27, '', '', 0),
(1523, 23, 32, 54, '', '', 0),
(1557, 23, 140, 90, '', '', 0),
(1559, 23, 140, 27, '', '', 0),
(1563, 23, 140, 54, '', '', 0),
(1600, 23, 144, 78, '', '', 0),
(1601, 23, 144, 3, '', '', 0),
(1604, 23, 64, 3, '', '', 0),
(1606, 23, 64, 54, '', '', 0),
(1607, 23, 64, 93, '', '', 0),
(1618, 24, 44, 30, '', '', 0),
(1625, 24, 120, 12, '', '', 0),
(1681, 24, 100, 60, '', '', 0),
(1686, 24, 148, 3, '', '', 0),
(1691, 24, 128, 30, '', '', 0),
(1726, 25, 120, 12, '', '', 0),
(1787, 25, 100, 60, '', '', 0),
(1794, 25, 128, 30, '', '', 0),
(1799, 25, 64, 3, '', '', 0),
(1800, 25, 64, 60, '', '', 0),
(1801, 25, 64, 54, '', '', 0),
(1828, 26, 120, 12, '', '', 0),
(1860, 26, 8, 60, '', '', 0),
(1870, 26, 100, 60, '', '', 0),
(1888, 27, 120, 12, '', '', 0),
(1955, 27, 100, 60, '', '', 0),
(1959, 27, 64, 3, '', '', 0),
(1960, 27, 64, 60, '', '', 0),
(1961, 27, 64, 54, '', '', 0),
(1994, 28, 8, 60, '', '', 0),
(2004, 28, 100, 60, '', '', 0),
(2014, 29, 120, 12, '', '', 0),
(2071, 30, 40, 63, '', '', 0),
(2146, 34, 136, 12, '', '', 0),
(2176, 34, 156, 54, '', '', 0),
(2200, 34, 52, 3, '', '', 0),
(2209, 34, 8, 60, '', '', 0),
(2223, 34, 100, 60, '', '', 0),
(2261, 35, 120, 12, '', '', 0),
(2312, 35, 100, 60, '', '', 0),
(2344, 37, 120, 12, '', '', 0),
(2383, 37, 8, 60, '', '', 0),
(2409, 37, 100, 60, '', '', 0),
(2423, 37, 64, 3, '', '', 0),
(2424, 37, 64, 60, '', '', 0),
(2425, 37, 64, 54, '', '', 0),
(2578, 44, 48, 33, '', '', 0),
(2594, 45, 120, 12, '', '', 0),
(2648, 45, 100, 60, '', '', 0),
(2655, 45, 128, 30, '', '', 0),
(2660, 45, 64, 3, '', '', 0),
(2661, 45, 64, 60, '', '', 0),
(2662, 45, 64, 54, '', '', 0),
(2697, 46, 88, 78, '', '', 0),
(2701, 46, 124, 78, '', '', 0),
(2706, 46, 80, 99, '', '', 0),
(2710, 46, 80, 33, '', '', 0),
(2713, 46, 80, 54, '', '', 0),
(2738, 46, 8, 60, '', '', 0),
(2755, 46, 100, 60, '', '', 0);




TRUNCATE TABLE rep_codes;
TRUNCATE TABLE rep_observers;
TRUNCATE TABLE rep_photos;
TRUNCATE TABLE rep_repairs;
TRUNCATE TABLE rep_tasks;

INSERT INTO `rep_codes` (`code`) VALUES
('code1'),
('code2'),
('code3'),
('code4'),
('qwerusta'),
('abasdfas'),
('ewtqwetq');

INSERT INTO `rep_observers` (`id`, `repair_id`, `firstname`, `lastname`, `gender`, `email`, `phone`, `email_update`, `text_update`) VALUES
(1, 1, 'Joshua', 'Thijssen', 'm', 'jthijssen@example.org', '0612345678', 1, 0),
(3, 1, 'Andy', 'Warhol', 'm', 'awarhol@example.org', '0612356783', 1, 1),
(4, 1, 'Andy', 'Andy', 'f', 'awarhol@example.org', '0612356783', 1, 1),
(5, 1, 'Andy', 'Warhol', 'm', 'awarhol@example.org', '0612356783', 1, 0),
(6, 1, 'Andy', 'Warhol', 'f', 'awarhol@example.org', '0612356783', 0, 1);


INSERT INTO `rep_repairs` (`id`, `title`, `object_uri`, `appointment_uri`, `code`, `owner_id`) VALUES
(1, 'Kleine keuken reparaties', 'http://server/objects/postalcode/1234AA/1234', NULL, 'qwerusta', 1),
(2, 'Kleine keuken reparaties #2', 'http://server/objects/postalcode/1234AA/1', NULL, 'abasdfas', 1),
(3, 'Kleine keuken reparaties #3', 'http://server/objects/postalcode/1234AB/1', NULL, 'ewtqwetq', 1);

INSERT INTO `rep_tasks` (`id`, `repair_id`, `appointment_uri`, `led_uri`, `title`, `description`, `cause`) VALUES
(1, 1, NULL, 'http://server/decision/location/keuken/element/kraan/defect/lekt', 'Keuken, Kraan, Lekt ', '', ''),
(2, 1, NULL, 'http://server/decision/location/keuken/element/keukenblok/defect/deurtje+klemt', 'Keukenkastje zit los (scharnier is kapot)', '', ''),
(5, 2, NULL, 'http://server/decision/location/keuken/element/keukenblok/defect/deurtje+klemt', 'Tweede keukenkastje zit los', '', ''),
(6, 3, NULL, 'http://server/decision/location/badkamer/element/badkuip/defect/lekt', 'Lekkende badkuip', '', ''),
(7, 3, NULL, 'http://server/decision/location/keuken/element/keukenblok/defect/deurtje+klemt', 'Vierde keukenkastje zit los', '', ''),
(8, 3, NULL, 'http://server/decision/location/algemeen/element/klok/defect/tikt', 'Tikkende klok', '', '');